,id,name,system
0,001b91e9-2ac5-4949-bff0-bb51d4f3057c,Нарушение в работе  АГВ,MOS_GAS
1,0089fd48-aa7a-443d-85a5-00470285b076,Проверить на загазованность дюкер Гольяновский,MOS_GAS
2,016697a2-feef-4568-9629-3c9dddae3aea,Разрушение асфальтового полотна вокруг ковера,MOS_GAS
3,02212d7e-3c4c-4e6a-8f6b-d4f8f1b82e72,Угроза взрыва; Запах газа в доме,MOS_GAS
4,0250d455-608a-4d63-9902-ebe3b82d0b67,Запах газа от ГРП,MOS_GAS
5,0269f480-ec65-4a08-aa0e-900b4a1553c9,Запах газа в доме от АГВ,MOS_GAS
6,02e4c20d-1582-4f8f-a3b2-3618cc4e67f3,Запах газа из закрытой квартиры; Запах газа в доме,MOS_GAS
7,0347f455-7d53-48b1-8c66-d83c70dab43d,Прочие работы,MVK
8,036c77f3-2feb-4c3e-9ed6-4e3343e40eee,Запах газа у счетчика,MOS_GAS
9,038f2d4d-c91c-47a6-9191-b06aa6ba015c,Течь в системе отопления,EDC
10,03b7ce2d-df79-4942-9d6a-d1b903d0d713,проверить работу оборудования МПГ-Norval/A630-1230(0.3 нд)-2-ОЭ-УГ-Т-ПГ.0 № Ш-252. Стройка Коммунизма,MOS_GAS
11,040999e0-dcaf-4561-8ad9-5cfd3265fba9, Задымление,MOS_GAS
12,040fcefd-2c71-4e2f-96d8-fe97ca1b0732,Запах газа в частном доме; Нарушение в работе газового оборудования; Нет газа,MOS_GAS
13,0472d113-d27a-436e-89c7-579f3417c63d,Запах газа в коллекторе,MOS_GAS
14,04ceb4bf-d665-4750-9f74-f56f3dca5111,Отсутствие тока на одной фазе,ASUPR
15,04e33965-c021-4019-8a12-c8b4f0c642da,"Шум от работы насосных агрегатов в жилом доме, 1-2 этаж",MVK
16,0503b4af-64dd-4637-b288-0a880a7e7c76,"Запах газа на улице, в помещении",MOS_GAS
17,056a5a25-b9d2-4405-b8c0-fbde41ce4a8e,Авария,EDC
18,0590862e-ddd3-444d-9ffa-c3b30c3801fa,Задымление; Пожар,MOS_GAS
19,05a8ac37-fb8f-477c-818b-13f7c2a347f4,Запах газа в ванной комнате,MOS_GAS
20,05eedfff-288e-4b38-8cae-bc63b37a8174,Запах  газа  на улице,MOS_GAS
21,061cd050-c386-40e2-983b-9799974833cf,Повреждение внутренней двери,MGI
22,065f5b91-913c-4148-8b5b-8ead10902eaa,Отклонение ГВС ниже нормы ночью (мониторинг),ASUPR
23,068425fe-8193-4c97-8ea5-41eaa310d0fd,"Запах газа от ГРП "" Варшавский 55""",MOS_GAS
24,074c78a6-5717-4fc8-b068-421e35d19409,Проверить положение з/у Задвижки в колодце № Г2-61895.,MOS_GAS
25,0763093b-8264-4a2c-a62f-9726a3199475,Гул (шум) на объекте АО МОСГАЗ,MOS_GAS
26,07a0cba5-b914-4c05-8b5a-9d1a832bb0b1,Завышен колодец м/г,MOS_GAS
27,07c98b28-c8ae-49e6-9e76-490e5e574908,Поломка освещения перед подъездом,EDC
28,08034cb9-33c3-43c9-9fa2-a27916b2d4ab,Запах газа  от стояка,MOS_GAS
29,08863f85-3b1d-4e3b-b1b3-6b5b0f1b40ed,"Восстановление трубопровода, остановка расширителя пневмопробойника",MVK
30,08865dde-f3dd-4640-b010-ce4701cc24ce,Повреждение отделочных покрытий пола/стены/ступеней/перил/других элементов,MGI
31,08a434d2-ef74-4439-97b6-98b3a90dfb3c,Неисправность пожарной сигнализации,EDC
32,08b48a57-6851-4ae1-91ca-bc346ba2c6a2,Лифт требует ремонта,MGI
33,08c40394-3206-4883-893a-7aadaa4593ec,"Колодцы на проезжей части, провал колодца",MVK
34,08d7367b-5804-45fa-acb7-91f5ef7d50a8,Загазованность фланцев № б/н,MOS_GAS
35,08dc6d2e-5283-48fd-adcf-9569e57b3f57,Запах газа в кухне; Нет газа,MOS_GAS
36,0914ff04-1519-458b-b1bf-3726d294cc61,Неисправность пожарной сигнализации,MGI
37,091fa6d2-d554-46a0-a3d8-80729551ac66,Запах газа на улице(кран),MOS_GAS
38,094c63fc-6d49-4c7d-abe3-7f55ef0ccb94,Запах газа в частном доме; Слабое горение; Запах газа от газового оборудования,MOS_GAS
39,099e857d-6869-48a8-aa80-b6f45aacfad8,Неработоспособность подъемной платформы для инвалидов,NG
40,09acb54b-539f-403a-855d-0dc3249c4d82,Запах газа в кухне,MOS_GAS
41,09b939b9-1590-475e-8210-1cb3daa9a9de,Прорыв теплосети (водопровода); Обрушение,MOS_GAS
42,0a81842f-3efa-44db-8b69-94327db6f8e5,Проверить положение з/у Кран засыпной № Г3-24771.,MOS_GAS
43,0ac23aae-5031-40b2-8f12-36b4b48a2ec0,Блокировка входной двери,EDC
44,0b547dd2-0414-4b1a-bb2b-fe7d753bc094,"Запах газа на улице, в кухне",MOS_GAS
45,0c0143dd-7c0e-44e3-bffb-98c42f7b1d52,Запах газа в котельной,MOS_GAS
46,0c1a3dd1-1bd5-46b5-9ea1-6c7f77101700,Недокомплект пожарного шкафа,EDC
47,0c82a395-9466-492a-9b31-e3ce0cbc6674,Превышение температуры  подачи ЦО (Перетоп),ASUPR
48,0cc6aaf2-b09e-4542-b0ee-a1d1fc52e697,Закрыть З/У Кран ГШК на подземном газопроводе № Г2-58439.,MOS_GAS
49,0d279c99-363d-4b65-a91b-d64c719d5b15,кк,EDC
50,0dd03cb5-7fa4-4a3f-ae37-00f556ecfcce,Повреждение межпанельных швов,EDC
51,0deca15b-1cb0-eff0-5247-ffc34cc1875b,Неисправность запирающего устройства,EVAGD
52,0e679e60-f2d3-4cfb-a9a4-05126d377a41,Хлопает крышка ковера,MOS_GAS
53,0ea75ae3-2719-43b6-857a-147bb215ab3e,Повреждение на газопроводе,MOS_GAS
54,0fe1fc88-2dec-4251-b515-3f62aa736a14,Повреждение элементов входной двери,EDC
55,101b3f67-8fd2-49bd-8afe-e101db1a6231,Нет газа в кваптире,MOS_GAS
56,10330cc9-9327-4533-977e-437fac92739f,Подтопление,MVK
57,10d7805d-5367-45b6-80f2-256f58666af4,Запах газа в доме,MOS_GAS
58,110640ea-b37a-416d-b188-2651eae50dba,Повреждение кровли,EDC
59,11cb654c-ab6f-4400-910d-3adcf61511f7,"Утечка воды из колодца, поступает на проезжую часть",MVK
60,11ed135e-2327-4311-ad75-9836570075b2,Повреждение системы электропроводки/щитового оборудования,MGI
61,1224e495-1705-4d7f-a5a1-e7fe8a602f0b,Нарушение на настенном газопроводе,MOS_GAS
62,1293110a-ce53-4181-8ff4-b7640d1d6496,Разрушение асфальтового полотна около ковера,MOS_GAS
63,12c642fe-5645-45c3-bad1-ef090f930383,Отсутствие освещения в лифте,EDC
64,12e44ae5-095c-4e5c-9558-2696ba04d299,Запах  газа  на  улице и в подъезде,MOS_GAS
65,12e909d3-0be9-479b-b714-888501b18b61,Запах газа в подъзде и на улице,MOS_GAS
66,12ef000a-2776-42b3-89d3-239e61c986ee,Запах газа в частном доме; Нет газа,MOS_GAS
67,134cd43e-a3a9-4bf4-bbe6-157ff2ec4cbe,"Нарушение подачи воды, нет воды на верхних этажах",MVK
68,13c0ad4b-76e2-43a5-9dbc-fb7d0f5e5b48,Наличие надписей/объявлений,NG
69,149b81b4-f139-49a0-9784-6e53a5f0287e,Критичное отклонение температуры ГВС ниже нормы днем (мониторинг),ASUPR
70,14e42e6b-3178-48e9-bf80-3c24f51fd9d0,"Засоры, прочее",MVK
71,150f19d1-86a7-4d29-b364-08a1ceaab86b,"Утечка воды из-под асфальта, прочее",MVK
72,1511bf95-7db6-4b1b-b554-59be6e1b010b,Засоры,MVK
73,1541fd97-e6f7-44b0-bc81-98ad1ac56618,Запах газа в метро (тоннеле),MOS_GAS
74,15cb392e-4cff-406b-bb93-f992b976f61c,Подтопление,KGH
75,15fb1fb4-5986-4e0c-bc9a-3ad158ef066d,проверить работу оборудования ГРП № Дзержинский.,MOS_GAS
76,16167904-b59d-4ff2-bf2f-e5d00989ca0d,Запах газа в помещении и на улице,MOS_GAS
77,16321264-be99-40c1-879d-32e15fd8f0b3,Поломка почтовых ящиков,NG
78,16717c52-3334-49b7-b92b-de933c815223,Провал грунта,MOS_GAS
79,17030b7f-b6ee-49f0-9989-b4c79ccaac1d,Изменение конфигурации УСПД,ASUPR
80,1761b5bf-2c8a-4e6c-952a-a431c90f4077,Открвта крышка колодца,MOS_GAS
81,179ffdd2-9d35-413e-bfa0-0608f9753c22,Наличие грибка/плесени,EDC
82,17e7984b-3701-4dc2-a8ed-939ebdea27c9,Описание отсутствует,NG
83,17fc6cae-f5ff-48c8-a7ce-537c2fd98953,Запах газа в  квартире,MOS_GAS
84,18075b53-9332-475f-8a63-c83037e4e767,Запах гари в квартире/подъезде,EDC
85,180d2594-5093-46d3-be51-61f352a1269d,Запах газа в квартире с улицы,MOS_GAS
86,1810817a-447a-49bf-8904-a7d0fd32e95f,Запах газа в подъезде и  в квартире,MOS_GAS
87,18234761-bc7a-42c1-961f-579f438fa360,"Колодцы, хлопает крышка",MVK
88,1885987a-d7cb-4f8c-99e3-3fce5833a03d,Запах газа в кухне; Слабое горение,MOS_GAS
89,18da8d84-5d93-4ab3-a5d6-21609ae24d8a,Запах газа в доме и на улице,MOS_GAS
90,198669de-45d0-4ccb-a64e-f6450f2ca844,Неудовлетворительное техническое содержание мусоропровода,MGI
91,19f8607e-e9cc-47c8-a180-b9e1e81249e1,Описание отсутствует,MGI
92,1a908761-c492-4684-b681-5b18341ad0b8,Не работает колонка,MOS_GAS
93,1ab8525d-edc4-496f-80bf-f3cfc6e53eb2,Отсутствие напряжения на одной фазе,ASUPR
94,1abdf804-adfb-4b64-8d96-0829dce69d62,Течёт вода (колонка),MOS_GAS
95,1ac66ac0-629f-4fc3-9856-5a6e1ea6dfbd,Гремит  крышка ковера,MOS_GAS
96,1c180834-33d2-4962-9315-c23e3001d571,P1 <= 0,ASUPR
97,1ce1a17f-c32c-473a-a011-353e4c10f79b,Загрязнение отделочных покрытий,NG
98,1cf6ca6e-7f08-428b-b787-aa1fde7a71b3,"Гул (шум, вибрация) от газопровода; Гул (шум) на объекте АО МОСГАЗ",MOS_GAS
99,1d1874c0-3f7d-4c7a-a20a-f1b8eec87779,Запах  газа от счётчика,MOS_GAS
100,1d810b1c-dcf6-4107-9348-f6a416f42eb0,Нет питания УСПД,ASUPR
101,1df98a18-2450-4d18-84a4-290f291a94f0,Просадка грунта,MOS_GAS
102,1e00a5ec-c38b-4098-9cab-4b0415208bfa,Нет  газа в квартире,MOS_GAS
103,1e2ea68c-5aac-4294-8491-bc213585ad7a,T1 > max,ASUPR
104,1e3f6d5d-7fe1-4844-b4c0-2d966d2b006d, в.,MOS_GAS
105,1e4449ff-7ac4-49c7-8567-487b8ec56984,Запах газа на улице и в помещении,MOS_GAS
106,1e6fd71a-bd44-4088-96f5-1a90e6cc4132,Нет газа в доме,MOS_GAS
107,1eb39110-a376-47d3-bd2b-77162eb9cdd7,Температура в квартире ниже нормативной,EDC
108,1f3e3c83-e56e-4bfa-a270-6555fa48e020,Запах газа от счетчика,MOS_GAS
109,1f4d7ddf-11ab-43cb-b3c6-fe3ac169d3c7,"Запах газа в подъезде, подвале",MOS_GAS
110,1fbd8238-5f0e-4f6c-8658-bdea38f55670,Погас Вечный огонь,MOS_GAS
111,20a79449-d957-4324-a7f4-92b0f8f22285,Нарушение на настенном газопроводе; Запах газа в кухне,MOS_GAS
112,20aed2e6-5e58-4660-857b-096195538a2c,Просадка асфальтового покрытия у ковера,MOS_GAS
113,21aefd23-d743-4258-b946-901ebf13c200,Запах газа от АОГВ,MOS_GAS
114,21cb8669-d131-44ac-ba8f-15d6686a62d1,Пожар,MOS_GAS
115,21d34738-bcd6-4147-ad15-9891051cdd7f,Запах газа из выселенного дома,MOS_GAS
116,21f46e7a-c560-4038-9330-bacdd5978f36,Нет связи с ПУ,ASUPR
117,223d34a3-6189-4be8-908d-cffa19ce6fcf,Нарушение в работе газового оборудования; Запах газа в доме,MOS_GAS
118,2248790f-e239-4cb6-bb7b-df57319bb240,Запах газа в котелной,MOS_GAS
119,22c17d67-7b00-441f-bbb6-a6d228267453,Запах газа в кухне; Задымление,MOS_GAS
120,22df677e-bd84-469c-9a64-f4766103cb05,Закрыть З/У Кран в колодце № Г2-40658.,MOS_GAS
121,232e97e7-42d9-42b4-aa50-ce5e35b47fe0,Запах газа  в квартире с улицы,MOS_GAS
122,236dc2c6-020c-4e88-a65c-44131670a04a,Запах газа от счётчика,MOS_GAS
123,23cc9e1a-3ce9-407b-ba9c-7a289cc303b3,завышен ковер,MOS_GAS
124,246a514c-7511-486f-a01f-5287f1069531,Закрыть З/У Кран ГШК на подземном газопроводе № Г2-58688.,MOS_GAS
125,247ad25b-6d5d-421e-ad9f-bad2e07d5d81,Поломка освещения перед подъездом,NG
126,24e9bc82-d5e7-4e96-8a36-999c82e956b9,"Превышение расчетного давления после насосов, в городской сети",MVK
127,2589d68e-2226-47b6-99cc-d83f0560b423,Отсутствие освещения в местах общего пользования,NG
128,25d5d1b7-efa5-464c-8ac8-f9a98c55a9df,Запах газа от настенного газопровада,MOS_GAS
129,25fe6cf7-5316-316b-4f4f-44da74a675ca,Аварийная протечка в подъезде,EVAGD
130,261de83f-3f92-4df2-8067-6cd3861acb52,Запах газа в подъезде и лифте,MOS_GAS
131,267c9646-f114-2ad5-7dcb-493bceb82b6d,Протечка с кровли,EVAGD
132,268d4b4a-3a1f-4734-aba7-843b7aefe8ae,Проверить работу оборудования ГРПБ № ГРС-1 .,MOS_GAS
133,27466376-6613-41b7-b69a-26951020b6a7,Закрыть з/у Кран в колодце № Г2-40739.,MOS_GAS
134,275e2084-2d7a-4c8b-ad86-5228423b820d,Запах  газа  на  улице,MOS_GAS
135,279bf99e-a857-4166-8330-aa7be9688861,Проверить работу оборудования ГРПБ № СНТ Дружба.,MOS_GAS
136,27cfcb11-69cb-41ae-98da-c3ce7637d6ac,Не работает АГВ,MOS_GAS
137,2856b235-bc64-47aa-a23a-dc72233eeeff,Пожар; Нарушение в работе газового оборудования,MOS_GAS
138,29362efa-86a0-4f7f-9c25-4f99efd148c8,Запах газа в квартире (помещении),MOS_GAS
139,29be25bf-6eb2-4671-b889-825d26ae646b,"Установить дежурство ШБДГ-100 № 6039-1. Ленинский пр-т,44",MOS_GAS
140,29cf6031-80a3-4a0a-8bce-0e522c1061a1,Нарушение в работе газового оборудования,MOS_GAS
141,2a509c8a-4b29-4f8e-8324-e8e56b3e1734,Отсутствует циркуляция ГВС,ASUPR
142,2a522a87-871a-4808-b089-8ea5fa0c3992,Провал ковера,MOS_GAS
143,2a62097e-80ad-4c0a-b60e-8982a53a3ae5,Повреждение отделочных покрытий пола/стены/ступеней/перил/других элементов,NG
144,2a7c52e1-5eec-46b5-8412-37987170c710,Застревание в лифте,EDC
145,2ac7010d-f550-472e-a182-ff2068a130a2,Открыт шкаф,MOS_GAS
146,2af503b7-5009-4627-9037-9776ae453eb3,"Запах газа в подъезде, в кухне",MOS_GAS
147,2b2ed6e6-1a9a-40c9-b08d-fc92a427bd84,Отсутствие освещения в местах общего пользования,MGI
148,2b734f10-2bd2-4d81-8d2d-9d1271651529,Запах газа от стояка,MOS_GAS
149,2b953795-2641-4e49-bc3c-83fc14eb4168,Открыт колодец,MVK
150,2bd2447e-35d7-4fdb-80aa-bea35a78e2e3,Запах газа от ГРПШ,MOS_GAS
151,2ca58fd8-9b70-4770-bdbc-8f7c0292d9b8,Недогрев ГВС,MGI
152,2ce6ed99-eba6-437d-a4a6-47337cb849bb,Провал грунта колодец (МГ),MOS_GAS
153,2d218e62-0d49-434e-adce-7faca234d04d,Запах газа на улице и помещении,MOS_GAS
154,2d302d79-da70-4f08-90ad-074e48d243f9,Закрыть З/У Кран в колодце № Г2-40238.,MOS_GAS
155,2daf8132-8230-4338-b64a-16e1200a9106,Нет газа в котле,MOS_GAS
156,2db30161-381b-4ce4-8a4c-0c0bec5ec12c,"Восстановление трубопровода, санация",MVK
157,2dc09cc1-ac48-44b3-a4b9-8df1c97cef66,Разрушение асфальтового полотна,MOS_GAS
158,2dd1fd93-85ef-482c-85c3-2e0bda7414f1,Запах газа в квартире и подъезде,MOS_GAS
159,2deaf2b7-2f7c-44ee-bddb-82e1c9bc2bbd,Запах газа в квартире и подьезде,MOS_GAS
160,2e16f135-fb9c-4710-8205-e9b78d8897bc,Запах газа в подъезде и квартире,MOS_GAS
161,2e34540b-25dd-494f-950f-57f36535515b,Завышен люк ковера,MOS_GAS
162,2e86f504-4e87-4ef3-920b-2583343369e1,Протечка с балкона/козырька,EDC
163,2f156862-ccec-4642-881d-71dd40a975ff,Прорыв теплосети (водопровода); Открыт колодец,MOS_GAS
164,2f1bdc1e-0050-407d-8866-7e50cc436591,"Прочие работы, прочее",MVK
165,2f48e33c-7e5e-4bad-b4c3-8cab4c014007,Просадка АБП вокруг ковера,MOS_GAS
166,2f7fcff1-b2aa-46ef-bf38-2af4e668c59e,Запах газа в квартире (помещении); Запах газа в доме,MOS_GAS
167,2fa73093-2778-4d18-b007-abbd4183414a,Качество воды - вода с пленкой на поверхности,MVK
168,308c32f7-2458-4131-91e9-c3c791e62d2a,запах газа,MOS_GAS
169,312e10e9-c2f1-895b-1955-982dced96dd0,Лифт требует ремонта,EVAGD
170,31725af9-25c4-42c5-b53d-07d258cf981d,Прорыв  теплосети,MOS_GAS
171,31e1a647-b7e4-4f3f-bf61-d83231d02489,Температура в помещении общего пользования ниже нормативной,MGI
172,322568a9-5849-45c3-828b-6ea782a41454,"Пожар, повреждение водопровода во внутриквартальном коллекторе",MVK
173,3238016c-66b7-49cb-b192-214e6f7b69fd,Нет газа в котельной,MOS_GAS
174,3257cc9d-d338-43cd-8cb8-898204832128,Восстановление трубопровода,MVK
175,3277d0bb-9846-475d-8827-2007af33f776,Запах газа от колодца,MOS_GAS
176,32df8152-9ec7-4a39-8bf3-1951a7984fbb,Разбито/сломано/повреждено окно в местах общего пользования,MGI
177,32f7c3bb-8366-437d-af34-eb618efa16fd,"Колодцы, провалы",MVK
178,3322b297-3fe2-40dc-aa77-bee2c3460b6b,Запах  газа  на  улице и в квартире,MOS_GAS
179,33410e6f-cabd-4fc4-acc6-0b476680dd1b,Неисправность пожарной сигнализации,NG
180,3380d9a7-97cb-468e-b221-18cd1e36971f,Подтопление телефонной сети,MVK
181,33b47228-b171-4c6e-a7be-0487854d2c44,Проверить работу ШРП,MOS_GAS
182,33e2df36-05bb-401a-b412-d745e3b1e141,"Восстановление трубопровода, показания ТВ диагностики",MVK
183,34284c58-39fb-4c16-ada8-87dd2cff474d,Разбито/сломано/повреждено окно в местах общего пользования,NG
184,349f2613-7cb6-4147-86f5-425a1b2dfa95,Загрязнение/замусоренность козырька,NG
185,3564e768-69a6-4a6f-94ca-48fbade83938,Запах газа в квартире и на балконе,MOS_GAS
186,356ebb22-07bc-4fe3-ac46-f296e1c94e2b,"Гул (шум, вибрация) от газопровода; Запах газа в квартире (помещении)",MOS_GAS
187,35c3d9ac-8e93-48fa-b12f-dcc550e539a6,Нет  газа в квартире,MOS_GAS
188,36a989ae-919b-437a-91fc-482d104c20bc,Проверить работу оборудованияГРП Сосновка-1: Нарушение входного(выходного) давления по параметру Рвых_2 = 0.2 МПа ГРП № Сосновка I.,MOS_GAS
189,3716d60a-2b5c-467f-bdb8-a5979a1fc94d,"Колодцы на проезжей части, открыт колодец на проезжей части",MVK
190,3721c55c-d2d6-4680-9d46-91dc65685d1e,Не работает колонка.,MOS_GAS
191,37510313-2da6-8521-5fce-9a5fa921ea7f,Протечка в подъезде,EVAGD
192,377a1192-f877-4b9a-882c-3124e4f562e7,"Запах газа на улице, в квартире",MOS_GAS
193,37cf0c82-942e-4abe-b857-261a513a1b2d,Запах газа на улице и в котельной,MOS_GAS
194,37f64768-35f3-472f-a596-2eefc26b129d,Проверить положение з/у Кран ГШК на подземном газопроводе № Г2-58852.,MOS_GAS
195,380be7a4-ed38-ddf6-a325-9f1af19a35a7,Повреждение инженерных сетей,EVAGD
196,38345ef0-f463-4f53-b8a3-6204a2d8a454,Проверить надземный газопровод,MOS_GAS
197,38b9abc5-3679-485e-8b1a-aa24eb0cfb47,Засор мусоропровода,NG
198,393b7c37-c54c-47c2-a38e-d0e7b4e5407e,Загрязнение/замусоренность подвала/полуподвала,MGI
199,394d8fe8-8ae0-415d-9cad-c59fad42e898,Открыты крышки колодцев,MOS_GAS
200,398d3636-ba86-4e5f-a99a-34bcace61d97,Повреждение кровли,NG
201,39b15b0c-0485-4909-acf2-396993c07bef,Запах газа в подъезде и в холле,MOS_GAS
202,39d9db0b-901a-4d2d-8895-09d64531d625,Повреждение инженерных сетей,EDC
203,3aa37308-ce85-44b7-8d96-71783970948c,Угроза взрыва; Запах газа в квартире (помещении),MOS_GAS
204,3b268828-33c7-406a-a304-6b1eda63dcce,Провал асфальта вокруг ковера,MOS_GAS
205,3b94ead5-9136-485f-a0cd-89ad2169c602,"Засоры, запах",MVK
206,3bdfba6b-d34d-4a99-a796-519a1763c721,Неочищенная кровля,MGI
207,3be30887-25c0-4bbb-8bc3-38fd0ab62723,Повреждение системы электропроводки/щитового оборудования,NG
208,3c6827c3-5567-4635-9cbb-46a8dca0990e,Обрушение,MOS_GAS
209,3cb8c7fb-ff57-49a4-8bd4-4a7122844a28,Запах газа из котла,MOS_GAS
210,3cd67aaf-38c5-4e68-a4d2-27ecb8a4947c,Занижен люк,MOS_GAS
211,3d0b8c46-ca83-41a2-b897-24723ec61627,"Колодцы на проезжей части, хлопает крышка",MVK
212,3daacdc3-6993-4efe-9db9-25166b27b997,Провал колодцев,MOS_GAS
213,3dc9babd-0fbd-4c70-9bae-a516acb34788,Запах газа в частном доме; Запах газа в квартире (помещении); Запах газа от газового оборудования,MOS_GAS
214,3dec7248-81a7-41ef-b3ac-6df78cb6855b,"Смена водосчетчика, прочее",MVK
215,3e0a2716-bfe7-453a-8e0c-826fcd73d729,Просадка коверов,MOS_GAS
216,3e36ef43-52dc-4108-8705-2e9a31f31f35,"Нарушение подачи воды, прочее",MVK
217,3e3f288f-fee4-4928-9ac7-4033c9badaab,Разрушение асвальта вокруг колодца,MOS_GAS
218,3e8b53cc-072a-430f-aadb-8d9ffc19cb9a,Открыт колодец,MOS_GAS
219,3e8fdd98-f1fb-4b25-9bdc-53d4bd4a8cc1,Прорыв теплосети (водопровода); Провал,MOS_GAS
220,3ea699a0-8a5c-4b4a-a9de-ab954d627dc5,Нет газа в квартире,MOS_GAS
221,3ee1f125-47a8-4a23-b3a5-0dd8da0a1e2a,Недогрев ГВС,EDC
222,3f1c400c-c8e3-4a1d-8841-fc4093274b0c,Закрыть З/У Кран ГШК на надземном газопроводе  № Г2-57348.,MOS_GAS
223,3f296a96-1d7a-4fe3-97ef-525394df930e,Обрушение котлована,MOS_GAS
224,3f8134a3-ed72-4354-844a-c257cb8cb175,"Проверить работу оборудования ГРП № Кунцево, кв.95.",MOS_GAS
225,40013a3a-5c53-400c-87a5-2fdbc8daac16,Аварийная протечка в подъезде,EDC
226,4016a385-6412-4a38-95f7-2a72d8a5e79c,"Колодцы, люк сдвинут",MVK
227,401c326f-aec2-4217-b4fc-bfbbe02725bd,Запах газа  в квартире и на улице,MOS_GAS
228,4035a8ac-752f-49b1-9793-38aad7f1395a,Проверить работу оборудования ГРП № Черкизовская ГС.,MOS_GAS
229,403684d3-5480-4c4e-b5e3-a3bfe6d1fa79,Протечка с кровли,MGI
230,403a02da-593a-42dc-8770-539d1e3512a7,Не  работает  АГВ,MOS_GAS
231,4069fc4e-13a8-44ef-a85d-02f126ff055b,Запах газа в подъезде и в холле,MOS_GAS
232,40725ad7-8716-4087-b30e-a3ac8dbf030c,Запах газа в кухне в частном доме,MOS_GAS
233,40770857-a5d2-4b25-bc0e-055751150b18,Пожар,MOS_GAS
234,407af63d-f383-4de0-9a89-3e9a776d5d0f,Отрицательные интегральные значения,ASUPR
235,412dc755-ff06-47f5-b131-953b1dc356c9,Обрушение; Запах газа на улице,MOS_GAS
236,41d1114b-8b28-4f20-8b0e-caf4e56bdcce,Нарушение в работе колонки,MOS_GAS
237,41fdb4cc-a679-45ad-856a-60b96fc1c1c3, Запах газа на улице,MOS_GAS
238,42148d31-6d0a-480e-a94d-bd83d10723d6,Проверить положение ЗУ Г3-25284,MOS_GAS
239,4216ae3c-21a4-4581-b9e5-c364b9b6a4d2,"Гул (шум, вибрация) от газопровода; Запах газа на улице",MOS_GAS
240,426ba740-0dbc-4014-9bc7-aca806c72879,Угроза обрушения,MOS_GAS
241,429dbef8-9ce3-48c8-b5cc-82359248024b,"Восстановление трубопровода, прочее",MVK
242,438f619e-c855-4ad0-9405-1585f96d9fc4,Наличие надписей/объявлений,MGI
243,43c86b3e-9bba-4ccf-b185-13931777e043,Превышение расчетного давления после насосов,MVK
244,43fb09c6-0718-4f17-8b8e-31346fe66dae,Отклонение ГВС ниже нормы днем (мониторинг),ASUPR
245,4404c211-b296-4161-a888-502130ae913c,Запах газа в квартире (помещении); Запах газа от газового оборудования; Запах газа в доме,MOS_GAS
246,4439c799-bc98-481c-927a-27d8f0f6c8d2,шум в газовой трубе,MOS_GAS
247,446c2043-88db-4f02-9c60-dc9e357bfc68,"Схема 09. Маршрут 30. канализация   (люк без отверстия) № 4. Загазованность 4,00 %.",MOS_GAS
248,449e1318-655c-4cce-bd82-ae3438be859e,Провал  ковера,MOS_GAS
249,44b1e66f-47eb-4b47-a4bb-63bd7afb1109,"Засоры, помощь водостоку",MVK
250,44bb5110-3946-45ef-9bfc-97afd908cef7,Провал на месте старой раскопки,MVK
251,44cc1be2-afbb-41f1-92ec-2c22d4e4a149,Провал на газоне,MVK
252,4501f02c-361d-4fd3-9b0e-68d85c8793cf,Запах газа в пищеблоке,MOS_GAS
253,450587c2-423c-4ac0-bef2-c84646280dbe,Повреждение элементов входной двери,MGI
254,46317d2b-86bc-4b30-ab82-349cc41e37e5,Запах газа из подвала,MOS_GAS
255,46531319-2f25-432c-941e-6c490e0fe802,Запах газа  в квартире,MOS_GAS
256,466b8fbe-2b27-4d4e-8eac-a59aeb91f8c1,Провал грунта вокруг ковера,MOS_GAS
257,46a74305-9884-4beb-aa39-b5ba439d6d17,Перекрытие полос,GORMOST
258,4724288c-5011-4291-982c-c0892f09a021,Запах газа из  канализационного  колодца №,MOS_GAS
259,475543fb-acac-49a5-9f3b-fb1adf26a86d,"Запах газа в кухне, в подхезде",MOS_GAS
260,478dd6c2-0a39-486b-9edb-1053aa2bf7b9,Аномальное значение времени наработки,ASUPR
261,480bfba4-55d2-4ea4-b49e-df2c190e855d,Запах газа в квартире (помещении); Задымление,MOS_GAS
262,48cc8fee-543f-492d-8ff9-8d33efc3cb3f,Загрязнение внутренней двери,NG
263,48f8a2dd-0079-4aa2-95f4-98319616acec,Просадка колодца МГ,MOS_GAS
264,4a8de1da-b29e-436b-8bd4-720f670bf8cf,Слабое горение в квартире,MOS_GAS
265,4a90d779-be52-45e4-abaa-2164de865499,Запах газа в частном доме; Задымление,MOS_GAS
266,4aa86655-ae1e-4c1a-ba9c-cb6912639c4c,Проверить шкаф ЭХЗ,MOS_GAS
267,4acde333-6e00-4a19-906b-b69b348afcde,Аномальное значение разницы объемов,ASUPR
268,4ae63489-dd15-8859-1b78-040a54fc839c,Отсутствие отопления в доме,EVAGD
269,4b0e05e3-39c1-4e6e-8b28-decb9629d5c8,Запах газа в холле,MOS_GAS
270,4b105800-85f3-4d46-a8ef-a0759e961b77,Наличие крыс/мышей/насекомых в местах общего пользования,EDC
271,4b37ad13-4ee8-409a-9841-74b23dcf2241,Неочищенная кровля,CAFAP
272,4bc19a9a-64a7-46d2-b442-348d9ad6f9d3,Угроза взрыва,MOS_GAS
273,4c27228b-ff37-47c5-a1d7-9720699ad960,Отсутствие отопления в доме,EDC
274,4c279b16-351e-404f-b20a-81dc6e387cd7,Провалы,MVK
275,4c2967f7-a48f-467e-89af-22c2e8415347,Протечка в подъезде,EDC
276,4c65aa5f-d89f-4250-a682-25173d540d5f,Запах газа в котельной и на улице,MOS_GAS
277,4c73af1c-1022-400c-9cda-c4bb91f2f0e1,"Наличие снега, наледи",MGI
278,4cfd4128-8e20-09b5-3d42-5358577a6ab5,Отсутствие ГВС в доме,EVAGD
279,4d42cd10-1d42-482b-b8f0-413818489dfa,Запах газа из закрытой квартиры; Запах газа в кухне,MOS_GAS
280,4d4e57fc-9d8c-42b8-85b9-27f1b00a5561,"Загазованность колодца  № 575 -  3,5%",MOS_GAS
281,4d5f1d67-7a55-4dd9-9540-fa249d86c6cf,"Запах газа от колонки, течёт вода",MOS_GAS
282,4da2ec71-b883-4ca4-b580-fae617dc42c2,Просадка ковера,MOS_GAS
283,4e3bcaa2-3edc-4da4-839c-880af674c6cd,"Колодцы на проезжей части, открыт колодец",MVK
284,4ec1170d-87f2-4c7c-ac5f-dd5933ada69c,Запах газа у водоема,MOS_GAS
285,4ee9659e-063c-4802-8495-c24e100a9ef3,Открыты крышки  люков,MOS_GAS
286,4faa7534-f74a-4b5f-bc1c-9963400f27e7,Качество воды - вода с осадком,MVK
287,4ff57288-04fc-47f6-b466-60edbe13f2a3,Запах газа у АОГВ,MOS_GAS
288,50031297-9f98-4582-8c3a-54b95ddefd21,"Проверить работу ГРП "" Трехпрудный """,MOS_GAS
289,5029858d-0276-4800-83b3-96c8765eac47,Закрыть З/У Задвижки засыпные № Г2-61991.,MOS_GAS
290,50300194-99c5-43fc-98ca-766e2971df58,Повреждение отделочных покрытий пола/стены/ступеней/перил/других элементов,MGI
291,50a94b82-89f1-4ab5-b0d9-63d995e39926,Сьучит счетчик,MOS_GAS
292,50b569af-218d-4e2e-877d-5f6bc87f86ac,Запах газа в холле и квартире,MOS_GAS
293,50cd12e9-d6a1-7a0f-481d-30e905bc698b,Загрязнение лифта,EVAGD
294,5132ead1-b30b-4451-845a-45cb9fdf2ca0,Загрязнение воды,EDC
295,5148c600-02de-4e13-8c46-c87416700981,Задымление в подъезде,MOS_GAS
296,515e5c76-09a6-421f-a86f-da6d3b70103e,Задымление,MOS_GAS
297,5182e8d8-1be8-479e-a2b0-aabaeb7b4da0,Запах газа в кухне и в подъезде,MOS_GAS
298,51b42502-5b7a-4ec5-b970-b1e4a7bb8181,Закрыть З/У Кран в колодце № Г2-40294.,MOS_GAS
299,51c8a75a-0595-43d0-a1d8-69efd0b83091,Запах газа на улице,MOS_GAS
300,528c068d-4c87-7f65-9079-782112e62843,Запах гари в квартире/подъезде,EVAGD
301,528ea467-1859-4a92-b021-385450f5d930,Отсутствие освещения в местах общего пользования,EDC
302,52a2049a-88e8-4702-b4bd-15aa681c2805,Отсутствие ГВС в доме,MGI
303,52e2de16-3941-4d8d-a783-0ff2aa4ac284,Аномальное значение массы в подающем трубопроводе,ASUPR
304,5360318e-2167-048a-b2c7-8d74dedfe152,Повреждение кровли,EVAGD
305,5376dd90-1023-45d8-b952-f0eaeea2102c,"Провалы, прочее",MVK
306,53c6f6ab-18b4-44b4-a7ba-cd4595b0fd1c,Качество воды - вода с песком,MVK
307,53cdd7c5-3417-4483-8165-d157ebfd51a3,Аномальное значение объема в подающем трубопроводе,ASUPR
308,5497418f-73a0-429e-994c-b5ba4511127a,Запах газа в ГРП,MOS_GAS
309,54a43565-f88f-4bd9-a0fc-9741d1e77682,Запах газа в частном доме,MOS_GAS
310,54ba6447-f64e-4183-b07b-ba7e4841931d,Повреждение элементов фасада,MGI
311,55113434-152e-4dd6-be1c-20f940a4f3cf,Нарушение в работе газового оборудования; Запах газа в кухне; Запах газа от газового оборудования,MOS_GAS
312,557af9a1-7b5a-4f67-926f-3751c27cec41,Засор канализации,EDC
313,5590cd9c-cbfb-4ac0-859f-a07e0279ab7b,Пожар; Обрушение,MOS_GAS
314,55a5f101-d0df-4fd3-ad2f-1e418cebee69,Поломка почтовых ящиков,EDC
315,55af4e77-923c-4d6d-b250-09d53a07beca,Поломка пандуса,EDC
316,56062507-7a52-4ed9-ad41-4fa6be139352,Качество воды - мутная вода,MVK
317,561e993c-a269-4526-b8f4-4513d9a6c722,Провал колодца  МГ,MOS_GAS
318,56dc79a4-471b-49b0-9e16-cded5c0ddbb0,"Колодцы, люк на боку",MVK
319,56f2c952-3736-1755-0071-e411b3e73f87,Повреждение пола/стены/ступеней/перил/других элементов,EVAGD
320,573dbef3-7b42-4092-b774-29a89ec29e4a,Не работает АОГВ,MOS_GAS
321,579be8fd-6cf8-42dc-87e8-8a70242cd0b1,Вибрирует газ/труба,MOS_GAS
322,57c33a7a-0db1-4292-974a-22fa0f09c672,Провал колодца,MOS_GAS
323,57c4f363-7bc4-4bcc-b88d-991d11d67156,Провал грунта вокруг колодец,MOS_GAS
324,57d06bf6-574c-46dd-afd5-66aceaf2c2f8,Запах газа в квартире и в холле,MOS_GAS
325,57e30a72-33a1-43f8-b26f-71d3e0d02193,Проверить работу оборудования ГРП № Весенний.,MOS_GAS
326,57f5eb46-65eb-403b-91ea-e20e414e95bb,Падение давления на стояке,MOS_GAS
327,581edd19-9cda-4474-842a-6e81b476058f,Запах газа на улице  и в подъезде,MOS_GAS
328,58bfb187-aaaf-40f7-bd09-a7577a647f73,Запах газа на кухне,MOS_GAS
329,5974998d-bb31-4d0c-acd3-245eb1d72a48,Занижен ковер м/г,MOS_GAS
330,59913e1c-ddc9-4e00-b881-1039798bd8ac,Запах газа в квартире (помещении); Запах газа на улице; Запах газа в доме,MOS_GAS
331,59c5c105-a2ed-4fa5-95e3-4948653cfaa8,Просадка асфальта( колодец),MOS_GAS
332,59f865d9-f362-44ec-bf7e-53174e3e9d58,Запах газа на улице; Погас Вечный огонь,MOS_GAS
333,5a5adcd8-2df3-4b3e-8258-74875fcd04a5,Засор канализации,MGI
334,5a660843-6bd2-4908-991a-d2a9b1653052,Пожар; Задымление,MOS_GAS
335,5a7ad069-f7af-48c9-ba29-e92ad9a3ddd7,Пожар,MVK
336,5aa3ed4f-7206-42c2-92b4-d87930b4803c,Запах  газа  с улицы в квартиру,MOS_GAS
337,5aac207e-58a7-4df6-94a0-a57f0a1cec6d,Отсутствие тока на всех фазах,ASUPR
338,5b23a7da-6758-4ad9-b85f-808814f270ea,Запах на улице,MOS_GAS
339,5b3b8d97-6cd7-4e3c-92bf-b3702fe05dda,Проверить  настенный газопровод,MOS_GAS
340,5b3bf8c3-447f-4173-b10a-415e8d6286af,Взрыв; Задымление,MOS_GAS
341,5b604798-36c6-4771-a7c3-9e4ac8c2f9cc,Проверить работу оборудованияГРП Верейская 35 РТС: Нарушение входного(выходного) давления по параметру Рвых_1 = 0.3 МПа ГРП № Верейский 35 РТС.,MOS_GAS
342,5b83b093-f794-4590-aa9e-e57a93bd9aa5,Шум от работы насосных агрегатов,MVK
343,5df4c51d-7039-48b3-8ae2-c55a120c03ee,Проверить положение з/у Кран засыпной № Г4-2299.,MOS_GAS
344,5df90839-e65b-4d4f-bce7-1169872f7e52,Проверить работу ДРП,MOS_GAS
345,5e4343aa-ec0b-40f5-96c1-f2c8db0eab0d,Не работает  АГВ,MOS_GAS
346,5e933821-540d-403c-8db1-44e3940e6b30,Просадка асфальта вокруг колодца,MOS_GAS
347,5ee8714a-8bef-4f2f-a164-09496db76270,Отсутствие ГВС в доме,NG
348,5eed5b17-11bc-437d-8c8a-54ef695db04c,Загрязнение/замусоренность подъезда,MGI
349,5f0a1d4e-e035-403a-9a30-b6cbca7973fd,стучит крышка ковера,MOS_GAS
350,5f1a1a01-3ac1-423d-9ad6-9a4974c46472,Занижен люк ковера,MOS_GAS
351,5f39c534-9f16-422b-bb81-79812780c066,Проверить работу оборудования ГРП № Жулебино-l РТС.,MOS_GAS
352,5f64eb90-7b29-45d1-afc0-3be9bc03e52b,Протечка в подъезде,EDC
353,5fc49866-230b-4c66-b864-3c80afafa3dd,Протечка с кровли,EDC
354,60255f47-faa1-49e8-b1a6-ab265a167336,"Затопление помещений насосных станций подкачки хвс, прочее",MVK
355,609bd5f8-09fa-499a-b967-b765f1dbe322,"Утечка воды, шум в колодце",MVK
356,60a397c2-bbd0-4c3e-b112-58f3498a1cbd,Аварийная ситуация,GORMOST
357,60b89c61-7bd9-446c-9d4e-6d4c25b51eaf,Не работает АГВ,MOS_GAS
358,60dc0a28-6704-47a5-a51d-6d61a86a2484,Запах газа от ДРШ,MOS_GAS
359,60f41f7f-6bac-4829-a0c5-5d200ad169db,Запах газа в подземном переходе,MOS_GAS
360,610d2055-10ff-4876-a867-420016b9fb1e,Запах газа в частном доме; Запах газа в кухне,MOS_GAS
361,6111f81e-4796-4b64-9ebb-aac6c4b7a20e,Неудовлетворительное санитарное содержание мусоропровода,EDC
362,614b139e-a7ea-4da5-af01-b5d9d5b000e4,Занижен люк колодца,MOS_GAS
363,62233ebb-b20a-421f-ad98-a8a2a7375c71,Запах газа на улице и в подъезде,MOS_GAS
364,624c0061-839d-4f9d-8baf-5d35ef8b9b05,Повреждение системы электропроводки/щитового оборудования,EDC
365,625ac05d-215a-4b5a-91e9-718de4f470cb,Запах газа на улице от трубы,MOS_GAS
366,63b2722c-23ce-4794-b149-0715ac4067b7,Открыт колодец; Провал,MOS_GAS
367,63cd2909-569e-4718-92ae-a988c43328f7,Взрыв; Пожар; Задымление,MOS_GAS
368,63ddf90a-49f4-498d-b6ee-5b806744d950,"Утечка воды из-под асфальта, поступает на проезжую часть",MVK
369,63deab70-841b-4466-a31b-355414a13b67,Поломка лифта,EDC
370,64ec7f6d-a849-4618-b701-e12e73f66e04,Закрыть З/У Кран в колодце № Г2-40589.,MOS_GAS
371,65228923-5fff-4209-8f31-53704b43a532,Нет газа,MOS_GAS
372,653d83c4-c09e-43c0-a5cc-73807f84722a,запах газа от ковера,MOS_GAS
373,658b790a-4061-4c28-9a38-b109787e76c1,Нарушение в работе газового оборудования; Слабое горение,MOS_GAS
374,65c9bdf2-cab6-43f7-b338-660f3fe44acc,Проверить работу оборудования ГРПБ № Вязовский.,MOS_GAS
375,66b0bae3-f3c6-434c-b424-feceb6665e41,Поломка пандуса,NG
376,66d52315-95b3-4c4e-8acd-c55a4126fbff,Нарушение в работе газового оборудования; Нет газа,MOS_GAS
377,678c3930-773f-40aa-8cdc-e74e8ca8c4e9,Неочищенная кровля,NG
378,67d944f1-4d8e-41ea-9b97-200fcec550cc,Нарушение в работе газового оборудования; Запах газа на улице,MOS_GAS
379,67f8d04d-f0d5-4fd9-9718-0779cbee57b6,"Подтопление, повреждение водопровода в городском коллекторе",MVK
380,68a9d27c-8ab8-4a14-a995-a7ca1175717b,Запах  газа  на улицы,MOS_GAS
381,69018ffc-2bf9-4d1b-a44c-9b9f241fbdcf,Течет газовая колонка,MOS_GAS
382,6932b2ec-ad90-4596-82e5-e860b39c2f89,Запах в подъезде,MOS_GAS
383,6995eb5c-1034-4237-968c-22a3c6f0983d,Загрязнение запирающего устройства,NG
384,699b7b79-cff0-4c91-9988-712f168a36f0,Занижен колодец м/г,MOS_GAS
385,6a1e6440-d207-4e4a-8d30-9e3ce2691aff,Аварийное повреждение лестницы,EDC
386,6a4e7338-c463-47d9-a0ea-551f986b7bc3,Проверить ЭХЗ,MOS_GAS
387,6ad73f5c-02a0-4f90-9e18-873e72ce57eb,Колодцы,MVK
388,6bc40d82-0644-4e26-b241-5dfbcd42c2f4,Неисправность в работе АОГВ,MOS_GAS
389,6be527ba-d515-495e-b8e8-32606c148c0f,Шум от газовой клонки,MOS_GAS
390,6c037ded-daf3-4b5e-9d07-dcc42f3f7129,Отсутствие ГВС в доме,EDC
391,6c0d309a-7c20-456e-9bca-db49f960d3fc,Запах газа в квартире (помещении); Запах газа от газового оборудования,MOS_GAS
392,6c3ddd8f-19c0-40c7-9ddf-7e46b69bd310,Отсутствует крышка люка,MOS_GAS
393,6c451157-df6c-4649-81b9-931513fbca97,Отткрыта крышка гидразотвопр,MOS_GAS
394,6c7eb785-e88a-4a35-bff5-befd4b1d6c65,Запах газа от настенного газапровода,MOS_GAS
395,6cb1d2cc-4ea3-495a-84f2-6776144f79fd,Открыть ЗУ Г3-20179,MOS_GAS
396,6cca4adf-8c17-4b2e-9a13-8d90504f5da3,Запах газа в холле и в подъезде,MOS_GAS
397,6ce98d12-105c-4347-a0db-42095d770331,Хлопок газа; Возгорание газовой плиты или колонки,MOS_GAS
398,6cf98faf-2e23-47ae-9d62-c87e36a3d599,Сработала сигнализация,MOS_GAS
399,6d37686c-dfdf-4ff6-8a96-3d709a985378,"Гул (шум, вибрация) от газопровода",MOS_GAS
400,6d81dc7c-7d1d-49ab-b4c1-ca3f7d1913d9,Запах газа на улице от колодца,MOS_GAS
401,6d854f44-9b57-4d2a-ad76-245483a5d88d,Блокировка входной двери,NG
402,6e001eaa-3715-4feb-9342-58fa32123f43,Проверить положение з/у Кран ГШК на подземном газопроводе № Г2-58155.,MOS_GAS
403,6e1a7735-abfe-4dfc-9673-80a21210bed0,ДТП служебный транспорт 104,MOS_GAS
404,6f26f7d4-1d0c-4382-b2cb-8128bc17c39c,"Запах газа на улице, в помецении",MOS_GAS
405,6f531bf8-ee1f-4840-99e0-c69bd0f1e68f,Запах газа на улице и подъезде,MOS_GAS
406,704a58cc-5452-43f2-be0f-8ea827f03ec7,Аварийная протечка в подъезде,EDC
407,704c4c54-3656-4779-8021-23bdefca7abe,Отсутствует крышка колодца,MOS_GAS
408,70bde4e2-218c-4d71-96a6-31957d47a73d,"Колодцы на проезжей части, люк занижен",MVK
409,70fcf126-5d6e-47f1-9000-9434649790cb,Запах газа от ШБДГ,MOS_GAS
410,7133fef2-214f-4ce1-b5d4-fd9544dad907,Отсутствует крышка ковера,MOS_GAS
411,715680a5-8b55-43e8-8ec4-0e68f2426884,Течет вода из котла,MOS_GAS
412,71a0470d-b1a5-4f2a-ae27-f1db28f58156,Запах газа в частном доме; Нарушение в работе газового оборудования,MOS_GAS
413,71ae3541-25ba-4aa5-aa56-18e7cde041a6,Подтопление сооружений метрополитена,MVK
414,71b31190-76a4-4548-a7b4-996a7a382d09,Аварийная протечка с кровли,EDC
415,720f9580-34d0-410f-90a4-18d1e701e3cb,Открыта крышка ковера,MOS_GAS
416,721c33b4-d3e6-4f35-a968-bfdc4c0b86fb,Загазованность к/т № Г-2 50767 3%,MOS_GAS
417,721cdee8-f89b-4f51-a756-c32b916043d5,Загрязнение/замусоренность подвала/полуподвала,NG
418,724b737d-a66a-4ff1-8b22-18a52d004366,"Подтопление, вода поступает во внутриквартальный коллектор  (извне)",MVK
419,72bdcfa1-3807-451c-a5e0-d5d26819ce16,Запах газа на улице и в доме,MOS_GAS
420,72d56e17-b394-4e3d-81ae-74658054274d,Нарушение в работе счётчика,MOS_GAS
421,72dda308-ffcc-484e-8ca4-1477c869f830,Запах газа от газового оборудования,MOS_GAS
422,73c9b709-77ef-4186-b822-701e2dd623a9,Занижен ковер,MOS_GAS
423,74085574-3383-4488-9ace-4e0a243da322,Запах газа у АГВ,MOS_GAS
424,748cd0b1-3896-440d-bc35-ee1612a4875e,протечка,EDC
425,748d3ff4-31e8-4e12-94d2-0e57229ec2da,Запах газа по вентиляции в ванной комнате (колонка).,MOS_GAS
426,749fb62d-042f-4564-8085-38c15d528293,Закрыть З/У Кран засыпной № Г2-56727.,MOS_GAS
427,74a5c096-f723-437f-8442-c35f3d9b3132,Запах газа на улице и в подъезде,MOS_GAS
428,74e0ca07-ba62-474d-8a88-533f21ca55b7,Провал грунта вокруг колодеца,MOS_GAS
429,7509276a-0604-4702-8130-91802d2bcaf2,Нет газа; Запах газа в квартире (помещении),MOS_GAS
430,750db123-c4ad-444d-bf8e-6263604700e7,,MOS_GAS
431,751a9e10-35d6-4b63-af88-f4ac35689d4a,Разрушение асфальтового полотна,MOS_GAS
432,752da988-724e-9dd8-4bf8-f71f620ec185,Поломка освещения перед подъездом,EVAGD
433,75951274-46fd-434e-bca9-27fec9576b20,Нарушение на настенном газопроводе; Обрушение,MOS_GAS
434,75d72d94-4541-4841-a84b-ff78e7b117db,Аварийная протечка труб в подъезде,NG
435,7646f03f-aadd-4529-b375-ac3bdb056d52,"Утечка воды, течет спец. вывод",MVK
436,76594f6d-cd48-43ef-b3b9-9d20b02599d4,Нарушение в работе газового оборудования; Прорыв теплосети (водопровода),MOS_GAS
437,7660aa42-58d3-4387-b3dc-39027be213ff,Пожар; Прорыв теплосети (водопровода); Задымление,MOS_GAS
438,76711301-8340-4ae8-825f-eb6628cead58,T1 < min,ASUPR
439,76899578-6b5e-43da-ba55-a4a42b043c4e,Аномальное значение отпущенной тепловой энергии,ASUPR
440,76e8b881-53d3-4f93-af40-ff99bc783902,Нет связи с УСПД,ASUPR
441,770557a2-9f3f-48ba-ae05-39dc0ae39739,Аномальное значение объема в обратном трубопроводе,ASUPR
442,771c8ae3-4a59-47fc-a877-901f6fc600be,Проверить работу оборудования ГРП № Южное Бутово.,MOS_GAS
443,77797cdb-3f4c-4d15-8dc0-daa8eda72496,Повреждение элементов входной двери,NG
444,783fa964-9f2b-4249-9cac-b4a0a352ed57,Загрязнение/замусоренность козырька,EDC
445,78a8deb9-45dc-440d-918d-35fe6791fc04,Запах газа от настенного газопровода,MOS_GAS
446,794050f4-7fef-4d2e-a1dd-89b8c5362e01,Неудовлетворительное техническое содержание мусоропровода,EDC
447,796317be-5e18-41f6-a52a-b85f8dd15d0a,Сдвинута крышка ковера,MOS_GAS
448,79820e82-6fa0-4d99-b433-9e055ef40675,Запах газа на улице ГРП № Н.Сыромятники.,MOS_GAS
449,798a6a18-c10d-cb7c-b957-072e86552778,Недокомплект пожарного шкафа,EVAGD
450,79f25fb2-7084-44f4-8f2a-ec06ad772fef,Запах газа в квартире и на улице,MOS_GAS
451,7a670a46-e5fd-0bf7-a1f5-151ee12e71e4,Засор канализации,EVAGD
452,7a6c713b-119c-44e4-b2e9-52b311dc445b,Кран в колодце № Г2-40522.,MOS_GAS
453,7a6ea8ed-0426-4ca9-94e9-d69f0a8d207d,Не работает котел,MOS_GAS
454,7b07da61-1aef-4142-9c81-6e62fc083a84,Повреждение козырька подъезда,NG
455,7b93fc5f-234a-46d8-b2c9-dfadaf8c48b5,Открыта крышка колодца (ковер),MOS_GAS
456,7b997204-7ad4-47ac-b30a-caaf010db92a,Повреждение асфальтобетонного покрытия,MGI
457,7bb7fe1a-02e1-4521-b805-22339edfcf5a,Слабое горение,MOS_GAS
458,7bcad754-acba-4daa-8156-e206a7834fbf,Запах газа на улице и в помещении,MOS_GAS
459,7bcfdcd5-7d6d-4d96-a07f-70360ffb4e3d,Нарушение в работе АГВ,MOS_GAS
460,7bd9947f-3006-41b1-bbf6-97b22f95fadd,Запах газа на улице подъезде,MOS_GAS
461,7bf26028-30e3-45fb-ac31-614aca940f32,Запах газа в кухне; Запах газа от газового оборудования,MOS_GAS
462,7c1e9b2b-fd27-0d50-c3d8-7311558c16dc,Разбито/сломано/повреждено окно в местах общего пользования,EVAGD
463,7c3bfd28-daa8-4cf1-9f3e-fae7fc1ce482,Не работает клапан,MOS_GAS
464,7c662965-9aa4-43f7-aa50-7f93e8d0b665,Проверить положение з/у Кран засыпной № Г3-24697.,MOS_GAS
465,7cc88157-b285-4627-bea3-60765f99b996,Запах газа в кухне; Запах газа в доме,MOS_GAS
466,7d04d441-8506-3015-302f-02a73360454f,Поломка пандуса,EVAGD
467,7d069ff7-8025-585b-3a2f-02f8afdb0ccc,Неработоспособность подъемной платформы для инвалидов,EVAGD
468,7d1459db-7153-4961-b1f7-0f8b85f78d85,Загрязнение окна в местах общего пользования,NG
469,7d596b03-032a-4fd3-9c32-228f54c48fe7,Повреждение внутренней двери,NG
470,7d6a4f00-44a3-41d1-8987-be3aa31d32a4,"Восстановление трубопровода, пневмопробойник",MVK
471,7d9b830b-5928-4d0f-8d84-6f8b1af2d7a3,Расхождение времени ПУ,ASUPR
472,7db0c02a-8a65-41c8-96df-34fdbed3fa31,Провал газ/люка,MOS_GAS
473,7dbdf56a-4998-469f-b4c6-f27dabbe5fe8,Поврежден настенный газопровод,MOS_GAS
474,7dd190e5-57d6-4f8b-b148-c4067785485e,"Проверить работу оборудования ГРП № Южное Бутово, РТС.",MOS_GAS
475,7ec12948-0e6f-4bdf-a2d0-38f0a6c18337,Запах  газа от ШБДГ,MOS_GAS
476,7f1d61d6-1e9d-46c7-b4ee-4521a7245a92,Неравномерное горение,MOS_GAS
477,7f612e71-873d-42da-aff6-88137af95700,Просадка вокруг колодца,MOS_GAS
478,7fa7034b-b358-4162-8200-f69397cd9fc7,"Подтопление, вода поступает в городской коллектор (извне)",MVK
479,7fca3bcf-0c2f-4233-921c-8a5a8bb96c8d,Запах газа на улице из ливневки,MOS_GAS
480,807a8d87-5d41-4cf9-8b8b-3af7c0d7d941,Запах газа в частном доме; Запах газа на улице,MOS_GAS
481,80a67ef3-4c77-4e0c-aef7-e7c02d0f03e5,Нет  газа,MOS_GAS
482,80fe3cc3-cae9-4b13-a785-46f2eca1d30d,Закрыть З/У Кран в колодце № Г2-40295.,MOS_GAS
483,8150271c-132c-49ed-a991-0ef31fb2a5ea,Запах газа на улице; Запах газа от колодца,MOS_GAS
484,81515807-484d-4851-92df-2d5ef01c92df,"Нарушение подачи воды, слабое давление",MVK
485,815334c4-e68a-4190-85d9-c9f745e44060,Протечка с балкона/козырька,NG
486,8194464c-173f-49a0-ad03-e43d99717f60,Нет газа; Запах газа от газового оборудования,MOS_GAS
487,820c58c7-1e41-4129-bad4-f3a7b9d77226,Запах газа в кухне от стояка,MOS_GAS
488,823aea65-161d-4ab9-a50b-3aabcd0b30e1,"Запах газа на улице, в подъезде и в квартире",MOS_GAS
489,82640bb0-e2b4-4076-b304-291cef6f8a2f,Открыта колодец,MOS_GAS
490,828ecc7d-f884-49e6-b1da-75c30ce0e2fa,"Запах газа в подъезде, и в квартире",MOS_GAS
491,82a07153-56af-46de-8243-a205f018fbc3,Запах  газа от счетчика,MOS_GAS
492,82ad2e0b-a065-453f-82c2-149d8368d04d,Шум в газовом стояке,MOS_GAS
493,83631d59-4bf0-428a-ab7d-c4ce22668a1d,Неочищенная кровля,EDC
494,83776817-52be-492f-9631-754e4559f5df,Запах газа в частном доме; Хлопок газа,MOS_GAS
495,83b36ebc-339a-4f60-af5b-2fe6b5c5c4a9,Провал грунта вокруг люка,MOS_GAS
496,84080433-ebaf-4e4b-9079-1e03c44ccb56,Запах газа с улицы в квартиру; запах газа в подъезде,MOS_GAS
497,845666a1-8c88-4f9a-ad47-1acb8cc29ea3,Недокомплект пожарного шкафа,NG
498,8499f6b5-47a9-49ae-8d7a-986878850511,Прорыв теплосети,MOS_GAS
499,84d8da73-0894-4acd-a210-fb1cc05934a4,Колодцы на проезжей части,MVK
500,850006c1-8380-bff0-272a-20d1a5761a26,Температура в квартире ниже нормативной,EVAGD
501,859000e6-e771-4da5-b2bd-fea4973760fb,Обледенение газовой трубы,MOS_GAS
502,85d9a01d-0064-4d78-9e1b-b7cffb392a7d,Запах газа в кухне,MOS_GAS
503,85f22bda-0bc4-4779-a07d-3da871797b58,Просадка газ/ковера,MOS_GAS
504,8668b914-e5df-422f-98a0-c31d83e7bc05,Подтопление строения,KGH
505,86f8ca31-4588-4384-bf87-b1502da91261,Запах газа в  подземном переходе,MOS_GAS
506,87231156-b65d-0047-8f88-bca0a2bd9179,Загрязнение/замусоренность козырька,EVAGD
507,886810e2-acb9-4cb0-84b2-c5b7e12960bb,"Утечка воды, прочее",MVK
508,8868cd33-ab21-4502-bd3a-1f2589f346e3,неработает газовый котел,MOS_GAS
509,88df6080-f0ee-4ff8-8219-326ca64baf81,Отсутствует крышка ковера,MOS_GAS
510,88e63e37-01c8-499c-a1de-721c91fa32d5,Проверить настенный газопровод,MOS_GAS
511,88eb0baf-5e8b-4f77-ab99-99405a4d9001,"Подтопление, течь задвижки на водомерном узле",MVK
512,89004389-8720-43f5-b840-d4d117742366,Поломка лифта,NG
513,893ed586-b04b-4dfb-81ae-3a90ca0a3dd9,Запах газа в доме,MOS_GAS
514,897ac22b-af0c-402e-b6d6-6c685dae48bf,Проверить работу котельной,MOS_GAS
515,89be197b-b700-4bd4-a11d-13b126a9859e,Повреждение внутренней двери,EDC
516,89c36ef3-a38b-4b8e-a47b-e950935c7bf5,Запах газа из закрытой квартиры; Запах газа в кухне; Запах газа в доме,MOS_GAS
517,8a14fea1-6b47-4cec-b7b1-b034c35d56dc,"Запах газа в подъезде, в квартире",MOS_GAS
518,8a6dae64-75e0-4c0c-95e8-2678f7d5bb1e,Запах газа на улице и в подьезде,MOS_GAS
519,8ac4d4d4-200c-439d-a72a-6f25d54be82a,Запах газа в частном доме; Запах газа в квартире (помещении),MOS_GAS
520,8b172bbf-c038-4a50-ad7f-5937a565b505,"Провал, промоина",MVK
521,8b27c08c-3243-4328-8e2c-77ffbf4bc189,"Колодцы на проезжей части, люк сдвинут",MVK
522,8ba5c67c-d2d8-491f-9cd5-0d2a3616a45e,нагревается газовая труба в квартире,MOS_GAS
523,8cf80be6-5a67-4a77-88ea-b2c73691fc18,Запах газа в котельной (частный дом),MOS_GAS
524,8cfb9989-fab6-4311-91b2-a5f495632f2d,Хлопают крышки коверов,MOS_GAS
525,8d047f7d-c642-cb86-b693-33a358c7ea75,Загрязнение воды,EVAGD
526,8d25c185-703d-4671-af5e-4847a9928f93,Протечка с кровли,NG
527,8d2d193d-ff05-4c55-b3bc-c49a41c48591,Проверка оборудования,MOS_GAS
528,8d407ef3-438d-44b4-bc9f-d08f2248a864,Запах газа в кухне и холле,MOS_GAS
529,8d432111-4012-8150-2273-3b04a207edc6,Загрязнение/замусоренность подъезда,EVAGD
530,8d4af754-8863-47a6-b28d-6afb2a41f90c,Нарушение подачи воды,MVK
531,8dbd0dc8-a1b8-4cbf-aafa-6d855a1199ba,Гремит крышка колодца,MOS_GAS
532,8dc145d4-7538-40ad-b718-7690180f0909,Аномальное значение температуры в обратном трубопроводе,ASUPR
533,8de2269c-7c66-4440-bd77-85ebef0d32ca,"Утечка воды из земли, прочее",MVK
534,8e1e5d04-8e9b-4d3c-9a99-afd1a8e668e4,Закрыть З/У Задвижки в колодце № Г2-40031.,MOS_GAS
535,8e3a995f-2583-4967-9f92-dae79e8c45b9,Завышен колодец,MOS_GAS
536,8f703053-ec4a-4b1b-bd80-0dcb1b173ede,Занижен колодец,MOS_GAS
537,8fa17489-d7ca-4204-a56f-89c807565481,Треснула крышка ковера,MOS_GAS
538,8ff0e1cc-875b-4592-975b-cce9c68166bb,Отсутствие освещения в лифте,NG
539,9007c666-d1dd-4c42-92d0-0d5784cfd41b,Аномальное значение температуры в подающем трубопроводе,ASUPR
540,9036ac6f-8e6d-4061-8049-ddd95358504a,Закрыть З/У Кран ГШК на подземном газопроводе № Г2-58871.,MOS_GAS
541,903b794f-ce87-45b7-b9b2-567a1ed2275b,"Колодцы на проезжей части, открыт колодец на газоне",MVK
542,906fb899-5a50-45e3-b46b-9c06d049e9f5,Отсутствуют актуальные мгновенные значения,ASUPR
543,90829243-de0e-4782-b043-f4e23ec24037,Засор мусоропровода,MGI
544,9199e5fa-af63-4fff-ac31-7f246f0c0b85,Просадка колодца,MOS_GAS
545,91e499b4-99eb-4d7f-a988-5d2cff2052e0,Открыта крышка колодца (трещит крышка ковера),MOS_GAS
546,930c09ae-a336-4258-8c5a-3afa640b689b,Загрязнение/замусоренность подъезда,NG
547,9341b904-c0dd-9d4b-e521-82cb84b84de0,Засор мусоропровода,EVAGD
548,93560bf3-e79e-412f-ade9-41dd1bf2407b,Запах газа в подъезде и в квартире.,MOS_GAS
549,93b0cde3-a400-406c-9b44-b501fdb640bc,Запах газа в кухне и в холле,MOS_GAS
550,93c21d8d-38b2-46e7-96e7-b79f6d15e6ce,Повреждение/поломка светильника,NG
551,93c931f2-66ca-442a-b5c7-f3ba7a1b10e3,Провал колодца,MOS_GAS
552,9448840f-7a4d-45b2-93e4-32d0e58dfdcf,Проверить работу оборудования ГРП № Сосновка I.,MOS_GAS
553,94e23e5b-c0f2-49fd-a2ff-d11dc5f3bafd,"Колодцы, провал колодца",MVK
554,9504c10f-e3a6-4e82-bc82-d74f409d1ebf,Открыт шкаф УСПД,ASUPR
555,950e71ed-6973-4bdb-8e9d-0dc346f4e23a,Провал асфальтобетонного покрытия,NG
556,95379bb3-977c-493d-8851-72b36febfadc,Несовпадение серийного номера ПУ на УСПД,ASUPR
557,955c01f1-8f1f-4038-9cdd-e16a1443ab48,P2 <= 0,ASUPR
558,95c04a42-9569-41eb-9604-cc27ae7bff75,Запах газа на улице; Взрыв,MOS_GAS
559,9622f2af-e36e-4370-9465-f69c1943b618,Нет  газа в котельной,MOS_GAS
560,9640ea07-2cb1-4537-b76d-08ebab48600f,Запах газа в частном доме,MOS_GAS
561,9652ce4a-6037-45ce-b398-dcf731c7d5ec,Провал плиточного/брусчатого покрытия,NG
562,969ee2ed-6572-4799-afc7-4826e2c7b6a5,Нарушение на настенном газопроводе; Гул (шум) на объекте АО МОСГАЗ,MOS_GAS
563,96bb8ec4-d029-4db1-b05e-12d5c9da63ee,Утечка воды,MVK
564,97213e08-c5fb-4360-9f3e-08b079bad876,Разбито/сломано/повреждено окно в местах общего пользования,NG
565,97a2f89f-7e30-85fc-72b6-ad05d48045c7,Блокировка входной двери,EVAGD
566,97c29e34-c5c5-48e4-bf3b-072bd5e7cc9e,Запах газа в табуре,MOS_GAS
567,97eb56db-e822-4618-9c25-25d30d8a189b,Неисправность  газовой колонки,MOS_GAS
568,97ef3f5b-7b4d-4513-a04f-65dc8b4539be,Завышены колодцы м/г,MOS_GAS
569,98535627-5d04-42d1-84f1-7f10a029936c,Низкий уровень сигнала GSM,ASUPR
570,986d31c7-d352-4042-bcda-a8fe9d77dc4c,Качество воды - ржавая вода,MVK
571,989b6ab3-b8c5-48b6-ba50-275f92ff93d3,Запах газа в ванной,MOS_GAS
572,98ff1be4-6a29-4820-a0a0-962b76e14c51,Датчик вибрации,ASUPR
573,99763383-1132-4cc0-96c1-6a622d3c8931,Наименование события,MOS_GAS
574,99a4f36f-ab7f-44dc-ad1c-cd16e940668b,"Открыта дверь, замок отсутствует, посторонние люди в периметре Кран ГШК на подземном газопроводе № Г2-58407.",MOS_GAS
575,99b8f9bb-069c-46ce-92e9-99a9fe656d35,Повреждение кровли,CAFAP
576,9a21c6ef-8c7a-4a2e-922d-823fef948d9e,"Колодцы на проезжей части, нет люка и крышки",MVK
577,9aa1de23-0015-435b-a02e-1128b9b54af5,Разрушен асфальт вокруг колодца,MOS_GAS
578,9adb90e0-d77e-4806-96eb-99b4f2bf2d69,Возгорание газовой плиты,MOS_GAS
579,9b098ce7-f002-4f84-81c5-e5d9b3bae86b,Закрыть З/У Кран в колодце № Г2-40656.,MOS_GAS
580,9bc3ccc2-bede-4de1-96fa-fe139eaf9614,Повреждение кровли,MGI
581,9c00e0ce-58a7-45bb-bd39-af3c84391367,"Утечка воды из колодца, прочее",MVK
582,9c05ef4a-f09a-46b6-80b7-23c4c1670010,Запах газа от ГРПБ,MOS_GAS
583,9c7873aa-f43a-4e63-8d8c-6e138eae076f,Загрязнение/замусоренность территории,NG
584,9c98d0c2-b643-47b8-8aef-de7245336569,Взрыв,MOS_GAS
585,9c98fb3d-a28b-49a7-a98a-9dd6eacffec6,Провал грунта вокруг ковера (отсутствует крышка),MOS_GAS
586,9cf1a8f0-37af-4435-aa59-67623b92fb10,Запах газа в квартире,MOS_GAS
587,9d6299f8-2c91-4b30-9957-3d4f81867872,Запах газа в подъезде и в квартире,MOS_GAS
588,9db1ee20-0fc6-47a2-a00e-c677e0902168,Изменение канала связи,ASUPR
589,9e41aac3-25ee-4ab6-ae11-5371cbe1a17d,Запах газа от котла,MOS_GAS
590,9eab293f-265c-4760-aef0-9cd2e54f52e6,Запах газа в подъезде и в подвале,MOS_GAS
591,9ee53c93-71f8-4607-a6e6-e654101c57ca,"Колодцы, нет люка и крышки",MVK
592,9f156d00-b9f3-4a47-b91d-7c74d1e8103b,Нет газа; Запах газа на улице,MOS_GAS
593,9f322214-fe87-4e00-b1e8-1ab2c7900c65,Повреждение асфальтобетонного покрытия,NG
594,9fde7555-2bf4-46b3-80e5-7e7bf871c0d2,Подтопление канала теплосети,MVK
595,a01c1ef4-2c5d-4853-a7bd-82802ccd9c4d,"Утечка воды из-под асфальта, поступает в канализацию/водосток",MVK
596,a06c7d77-f48d-438b-8c5e-a9548530fb3c,Нарушение в рботе АОГВ,MOS_GAS
597,a08def4c-4ebe-4bd4-8a90-bc6bc18702b1,Запах газа на улице н/д.,MOS_GAS
598,a0a0825b-9e54-4f40-9c47-d166db04674d,Отсутствуют актуальные суточные значения,ASUPR
599,a137d758-efd2-4acb-9b9a-181b57ef2401,Течет вода  из колонки,MOS_GAS
600,a171d0fa-b107-4b8f-8a67-cf62a00ebeb9,Иные нарушения,ASUPR
601,a1ed3d2e-47b3-4948-a970-c2afa3f5e16e,Течет вода из АГВ,MOS_GAS
602,a1f7619d-328b-4114-b611-9418b0b80f16,Проверка работы оборудования ГРП Крюкова,MOS_GAS
603,a23eea6d-6dbf-4ec6-bcfe-11bb57ff30db,тест 20.03.2023,KGH
604,a2a33577-fc5f-4e14-9667-3cae144df696,Нарушение в работе  АОГВ,MOS_GAS
605,a2b5aaa2-6111-444e-9b3e-9bf540377f86,Аварийное повреждение лестницы,NG
606,a2ce94d6-6202-4c6d-88d3-f65e2fc26981,Запах газа в квартире (помещении); Запах газа на улице,MOS_GAS
607,a318acff-9f4d-4636-b06e-593918b5a985,Протечка в подъезде,MGI
608,a326da33-678b-4a9a-8fbd-d56232cf40b0,Гремит крышка ковера,MOS_GAS
609,a32fc645-39ed-4cb3-ae61-0811b18282e1,"Качество воды, прочее",MVK
610,a330e46b-2d93-46b8-9a55-d280bb673a7b,Течёт вода по стояку,MOS_GAS
611,a37ab231-b0a8-42e0-bc82-8d0eea3874f8,Запах газа в кухне и в подъезде,MOS_GAS
612,a390b826-f0d6-4a2c-83d0-638139f83ae3,Пожар; Задымление; Запах газа в доме,MOS_GAS
613,a3ed5049-4221-495d-bfbe-5b83ee2decd2,Повреждение газопровода,MOS_GAS
614,a3f8db4d-47eb-484d-a432-24c5d8e8aa72,Запах газа в частном доие,MOS_GAS
615,a4baff9f-eb44-4177-b89c-61c2f81b48bc,Запах газа в подъезде,MOS_GAS
616,a4bfc4ce-a70b-4489-88f4-f58bdf1d11e6,Не  работает  АОГВ,MOS_GAS
617,a4db258f-802d-4738-969a-23dacb834f31,Разрушение асфальта вокруг колодца,MOS_GAS
618,a5140f12-f69d-43cf-9603-da578601b9ab,Запах газа в квартире и в подъезде,MOS_GAS
619,a52e8a85-9646-490e-9a9f-2a68b6dd9a35,Запах газа по вентиляции,MOS_GAS
620,a5682e48-c970-4d00-8176-8259c5b71fd5,Хлопок газа,MOS_GAS
621,a5e67baa-f4d1-4930-af82-4556757bee0c,"Пожар, подтопление ж/д или трамвайных путей",MVK
622,a5f94b3c-b715-405e-aa45-cd4279595219,Угроза  взрыва,MOS_GAS
623,a606e903-8179-429d-8040-b70963fa764f,Запах газа от ШБДГ    2%,MOS_GAS
624,a61d5037-5ce2-47dc-8c19-34d0fa92baf4,Открыт ковер Г3-23423,MOS_GAS
625,a696dd16-b00d-441e-84b4-3645de0b4b89,Запах газа в подвале,MOS_GAS
626,a6993600-8809-4829-8afd-0fcd7861a385,Запах от газового счетчика,MOS_GAS
627,a6b9486e-52ce-4dc4-a8b5-2134e7d490dc,Задымление; Запах газа в доме,MOS_GAS
628,a6e43aa3-8cbf-40b5-90b5-17337ab5576d,Провал колодца м/г,MOS_GAS
629,a6f527ea-7379-406b-9967-7e7d7d942628,"Запах газа в квартире, на улице",MOS_GAS
630,a70bf921-689a-421d-997b-5a7c53535f0e,Запах газа в частном доме; Нет газа; Запах газа от газового оборудования,MOS_GAS
631,a73cba80-be68-46e4-8f14-1b651c2850be,"Подтопление, вода поступает в котлован строителей",MVK
632,a7c3c066-5455-4883-a3ea-319c4504ed24,Запах газа около подъезде,MOS_GAS
633,a7c6ae9f-315e-4cc6-bd66-985b7ab4586b,Угроза взрыва; Обрушение,MOS_GAS
634,a833f49c-5918-4bde-b154-14834f1def7c,Задымление в подвале,MOS_GAS
635,a858a74e-4336-42fc-87b6-aad786fb5b86,открыта  дверь  ГРП,MOS_GAS
636,a921ef22-b644-4bb4-98a0-59270208c38d,Неисправность запирающего устройства,MGI
637,a95ee935-c48c-4539-8ddd-aa8db2e576fd,Запах газа с улицы в помещение,MOS_GAS
638,a96ad5c6-23d6-4e91-ae51-c1226337e52b,Закрыть З/У Кран в колодце № Г2-40573.,MOS_GAS
639,a9894f52-3ff4-456d-afb8-1397004ae2ea,Запах газа в квартире и в подъзде,MOS_GAS
640,a9ad6f7c-65d0-4c7f-aad7-a56d94e37e2d,"Засоры, засор на дворовой сети",MVK
641,a9cb9d5b-2408-4677-8486-3a5eeacc5ff9,Установить дежурство на з/у Кран ГШК на подземном газопроводе № Г2-58306.,MOS_GAS
642,a9d139c7-a68a-4864-93bb-dc2f2562642f,"Подтопление, повреждение водопровода во внутриквартальном коллекторе",MVK
643,a9ee4f83-8ec0-42bb-9bab-aa05ea5df95a,Пожар; Запах газа в доме,MOS_GAS
644,aa359278-9545-4b20-849b-dc562572c25d,Вибрирует стояк,MOS_GAS
645,aa8379ad-0d75-4c1c-949b-9a3aa8fcf98c,"Шум от работы насосных агрегатов, прочее",MVK
646,aaee5302-acc7-4d61-98cd-551192f5da41,Течёт вода из колонки,MOS_GAS
647,abeaf294-ad00-4095-8cd0-308aff4134d5,"Запах газа в кухне, слабое горение",MOS_GAS
648,ac344649-890e-422e-a106-43a070f6aa8d,Нет газа; Слабое горение,MOS_GAS
649,ac388821-e095-464c-b25a-877a7504567c,Запах газа от ГРП,MOS_GAS
650,ac773b2c-d549-4333-8aeb-c3ff4e136880,"Колодцы, прочее",MVK
651,ac957f2c-e3e8-4d2b-9496-e646825f7f58,Запах газа в туалете,MOS_GAS
652,aca39544-7507-4cef-bebc-ae4110452465,"Утечка воды из колодца, поступает в канализацию/водосток",MVK
653,acd8e8d3-d57d-4d86-8010-19684813b689,Нарушение в работе газового оборудования; Запах газа в кухне,MOS_GAS
654,ad02d0ef-d9ed-4331-aea6-0ac5ea3634aa,Провал грунта вокруг колодца,MOS_GAS
655,ad51d233-1a08-49a0-92c9-18e59eaaf9ba,Запах газа в квартире и в подъезде,MOS_GAS
656,ad79870f-1954-4def-8e73-a023c7d4a60f,Запах газа от ДРП,MOS_GAS
657,adc9c397-2723-4cd4-8be0-30d54170adf3,"Запах газа на улице, в подъезде",MOS_GAS
658,ae5dcfcc-b0b3-49f4-bad9-6155d49fed05,Течёт газовая колонка,MOS_GAS
659,ae8597f6-34d6-19dc-4176-bbe983fb8a5a,Отсутствие освещения в лифте,EVAGD
660,ae8a667a-2784-41ff-88c2-fea232e1488e,"Утечка воды из земли, поступает в канализацию/водосток",MVK
661,aeb747f8-f419-4e20-8df5-ed90bfbbb105,Запах газа в кухне от стояка,MOS_GAS
662,aefd5ec5-af19-4422-adab-a895cb0d0a31,Отсутствие связи,ASUPR
663,af3c4e93-1192-4356-ad61-65d6f1390bab,Загрязнение подъемной платформы для инвалидов,NG
664,af65e7e3-7705-49a4-970c-7f3f92b5868b,Загазованность фланца № б/н,MOS_GAS
665,afb7ad70-2e10-4fb8-ada8-bbc3d8d9f371,Проверить работу оборудования ГРПБ № Лечебный.,MOS_GAS
666,afe17375-876e-48b6-bbe4-242353bb4153,Повреждение ковера,MOS_GAS
667,b14036cd-05cf-4fbe-b8dc-e1732ba217ff,Открыта крышка колодца,MOS_GAS
668,b1514842-6131-4a41-9113-f9bdf04f1904,"Колодцы, провалы - течет водопроводная колонка или подводка",MVK
669,b1680450-b5d9-4157-bb25-8c07da40f9e8,Нарушение в работе газ/оборудования,MOS_GAS
670,b20453d3-8194-43f8-89ae-448612dbbbc3,Запах газа в подъезде и на улице,MOS_GAS
671,b208575c-31a6-4e96-b611-6f716b9f9b9e,Запах газа от АГВ,MOS_GAS
672,b25fd5fc-4ed1-445a-b917-833bd9b7d428,Нет  газа в кухне,MOS_GAS
673,b27674fe-155a-4476-893c-266676e6900f,"Утечка воды, течет водопроводная колонка или подводка",MVK
674,b27e915d-33aa-4912-99f9-49b49c0e072d,Подтопление строений,MVK
675,b2c16ab4-ef45-4163-92de-6c6202ee8e72,Проверка работы оборудования ГРП Гончарова,MOS_GAS
676,b3275178-14ac-427f-9b95-e674d402e5d0,"Утечка воды из земли, поступает на проезжую часть",MVK
677,b340da30-c43f-4db8-92b6-0515d210a3bb,Аномальное значение разницы температур,ASUPR
678,b3ae0a77-3433-4053-996c-255cdcd54816,Проверить крышку ковера,MOS_GAS
679,b456c0cb-be9e-43ff-83ba-6ad06559537f,"Пожар, нет воды в здании",MVK
680,b4f962b4-386c-4201-bdba-d3459cbf5afe,Загрязнение отделочных покрытий,EDC
681,b56c3825-ba9a-4399-ac13-b2773e2f7036,Запах газа в кухне,MOS_GAS
682,b5c52efa-64c6-4bc3-a540-55e5de4e2acd,Нарушение в работе АОГВ,MOS_GAS
683,b5d73ada-bd44-daa6-39d4-76c0d727b214,Поломка почтовых ящиков,EVAGD
684,b6156eab-ab11-2966-d8dc-4594267e238c,Наличие грибка/плесени,EVAGD
685,b64154b6-3b44-4a57-bbf2-dfdeb4a59aa8,"Превышение расчетного давления после насосов, прочее",MVK
686,b644916a-6276-4d46-8b95-78d79f4bb3e3,Пожар; Запах газа в кухне,MOS_GAS
687,b679e31c-cfa7-4ae2-9b84-819ea1b7d4e0,Взрыв; Угроза взрыва,MOS_GAS
688,b759d357-abb5-4b4c-8176-b06ab76bac64,Запах газа в квартирах,MOS_GAS
689,b778bd04-94d7-4843-865b-3ed7c2b74169,Засор на городской сети,MVK
690,b78635c0-62b1-4865-b506-3babc6d24a4e,Запах газа на улицу в квартиру,MOS_GAS
691,b7a2f5ea-cd43-4ede-8519-7a3255031b15,Открыт колодец на газоне,MVK
692,b84d0ab4-4aac-494e-8c9f-8207035be824,Засор канализации,NG
693,b84f08a0-46a1-42ec-8c94-e711f3dc2f93,Проверить работу ГРП,MOS_GAS
694,b89f0039-424c-4a37-b886-b0036e0aa407,Не работает котёл,MOS_GAS
695,b91e5cbe-4296-415e-b8b6-f8fa10c9dfa8,Температура ГВС ниже нормы,ASUPR
696,b97ef552-5cbc-455c-9c26-a620a951d17e,завышен коввер,MOS_GAS
697,b9ba44c4-4d58-4103-a635-14aa3461118b,Запустить котел,MOS_GAS
698,ba7bf260-bd8c-4881-97ef-d6f3f95a7a94,Нет  газа,MOS_GAS
699,bab271d1-466a-4de4-b15a-a502388303a2,Запах газа в подъезд,MOS_GAS
700,bbae0090-21d5-4594-aeaa-4cd26d283df9,Повреждён ковер,MOS_GAS
701,bbb2b330-1f8b-4a46-bfcb-2eea66ce0641,Загрязнение лифта,NG
702,bc596bb1-418f-1ee1-f09b-8a698d6c82e0,Течь в системе отопления,EVAGD
703,bc61042a-21d2-4562-a832-1be566ccd633,Завышен колодец,MOS_GAS
704,bce31252-aa25-44a8-967f-030bfb661d08,"Схема 09. Маршрут 11. Контрольная трубка № Г2-48905. Загазованность 5,00 %.",MOS_GAS
705,bda549e2-e0cc-490f-9c46-97ddebee0f95,Взрыв; Пожар,MOS_GAS
706,bdb032df-c8f8-473a-8717-8694e9b02a0c,"Нарушение подачи воды, слабое давление на пром. водопроводе",MVK
707,bdc81523-4e45-46d5-ad29-8e896383d715,Взрыв; Запах газа в квартире (помещении),MOS_GAS
708,beaaeec9-45ed-4df3-8af1-0932cd9f870b,Занижен  газ/ковер,MOS_GAS
709,bf794949-2ef4-4010-a6e6-31129c49cd83,Проверить положение з/у Кран в колодце № Г2-40253.,MOS_GAS
710,bfad4947-50d5-44f7-9c7b-d8795ea0e4bf,Неравномерное горение в квартире,MOS_GAS
711,bfbb50a5-09dc-46a3-b8ed-3d57da8bb113,открыта дверь шбдг,MOS_GAS
712,bfffe5ea-ae9a-4929-86ab-b01023085af6,Нарушение в работе  ОАГВ,MOS_GAS
713,c031cf99-3be8-45d7-9639-b8b48481ae91,Проверить  газопровод,MOS_GAS
714,c038b5f5-139e-40da-bd2d-7e27e09ec832,Запах газа в ванной комнате по вентиляции,MOS_GAS
715,c082d2f4-acc5-445e-a0ca-975da8d31fee,Неисправность запирающего устройства,EDC
716,c097f054-417a-4e56-9418-fc707b749e9c,просадка газового коввера,MOS_GAS
717,c10e5c0f-16cb-1de0-4c50-48bb286bc99a,Отсутствие ХВС в доме,EVAGD
718,c173402d-4927-424b-a05a-1becf78fcd15,Загрязнение лифта,EDC
719,c1f703b6-39f5-4200-95df-ad2cb71b94bf,Нарушение на настенном газопроводе; Запах газа в квартире (помещении),MOS_GAS
720,c1f89c57-d4c1-48f1-9a8a-f85164c8b682,Удар молнии,EDC
721,c26886f9-451c-402d-bfa3-78e3c0007dec,"Подтопление, течь трубопровода на водомерном узле",MVK
722,c29a9857-bd0a-45d9-bfab-3d593939ad9b,"Запах газа от ГРП "" Северное Тушино """,MOS_GAS
723,c30a7e33-b4b4-4ced-b912-51022f8f48a8,"Пожар, не работает водопроводная колонка",MVK
724,c354c925-111b-5aae-0dce-dcbd380a4c0f,Застревание в лифте,EVAGD
725,c3a026df-02e2-47f1-917b-aef09a01f969,"Колодцы на проезжей части, разрушен асфальт вокруг колодца",MVK
726,c3f537c6-6460-479a-8183-3da2fe78a0d6,Неисправность запирающего устройства,NG
727,c408ca9e-3ac2-46b3-b01a-daee28866ed5,Отсутствие ХВС в доме,EDC
728,c41cd437-2974-4558-a23b-d93b31db919e,Порыв воды в жилом помещении,MOS_GAS
729,c42028d6-ab30-487e-b331-eb4898724dbf,Запах газа в квартире (колонка),MOS_GAS
730,c444984a-f925-4cea-8bab-73c83379ce44,Открыта крышка колодца (крышка отсутствует),MOS_GAS
731,c4ddb19a-8e83-4ac9-aa37-9c881dbd3b8b,Повредили газопровод,MOS_GAS
732,c4f48e7f-38a3-4cf4-b20a-6d4405f578a8,Загрязнение лифта,MGI
733,c4fbf24f-26b8-4e7d-ae80-75653ab1ae27,Повреждение плиточного/брусчатого покрытия,NG
734,c5122e2f-b977-4e97-97c1-42a3aa60d2fb,Запах газа в болерной,MOS_GAS
735,c54e3aac-a576-35a0-9685-3235c6df1fca,Повреждение межпанельных швов,EVAGD
736,c564d14b-f2f3-44a7-8d0d-3060ba0b50b1,Гремят крышки коверов,MOS_GAS
737,c5ab262c-358d-4c8e-9965-fd988181776f,Запах газа на улице и в помещение,MOS_GAS
738,c5ceb145-a2ac-49c4-953f-eb527be55354,Нет газа по стояку,MOS_GAS
739,c5f09cf5-94d4-13a7-2111-4366d1237235,Наличие крыс/мышей/насекомых в местах общего пользования,EVAGD
740,c5f5ebce-e6fa-4635-96e3-1a7dd3eb8aff,Течет вода из колонки,MOS_GAS
741,c5fa9312-2d76-41dd-b1c9-af59bb05b2e6,Пожар; Запах газа на улице; Задымление,MOS_GAS
742,c645a430-1e5f-4f8a-9c53-e4d05cd7173a,Запах  газа  из  гидрозатвора №Г1-107394,MOS_GAS
743,c647520b-b92f-43aa-b6ae-979dd6a6312a,Вибрирует газовая труба,MOS_GAS
744,c71a5a48-9ddf-4780-8671-d07c5d3b272d,Запах от ГРП,MOS_GAS
745,c71ba01c-b419-4757-bc34-e6299c00e492,Сработала сигнализация ГРП,MOS_GAS
746,c781d15f-d972-4c2b-9029-f75a44506f9e,Аварийное повреждение лестницы,MGI
747,c7aaade6-aa8f-46b6-ad01-c602d4493e82,Запах газа из закрытой квартиры; Запах газа от газового оборудования,MOS_GAS
748,c7e30dbc-a752-4d0e-9c9a-80b835464345,"Восстановление трубопровода, работа по графику",MVK
749,c7f1de41-6a6d-41c0-8bf8-09d9e23dc3fd,Пожар; Запах газа на улице; Запах газа в доме,MOS_GAS
750,c81f1215-c224-4e89-88f4-c6fdcd6e36e0,Протечка труб в подъезде,NG
751,c865417f-d842-43d7-a7d1-207d10ad8377,Запах  газа  с улицы,MOS_GAS
752,c872d81d-d5e6-4a8b-848b-0e807b575baa,Авария,ASUPR
753,c8f116eb-4e54-4783-bd82-598487d1a757,"Колодцы, люк расколот",MVK
754,c9f5834d-0e6f-4920-8206-f1ec257e2190,Пожар; Запах газа в квартире (помещении),MOS_GAS
755,ca04967d-6d99-4226-b4fa-ae9684bfa37c,Проверить положение з/у Кран засыпной № Г2-56725.,MOS_GAS
756,ca587d24-e6a0-428c-8310-e79451696e71,Проверить положение з/у Кран засыпной № Г3-25591.,MOS_GAS
757,ca5c89a2-974a-45c0-aae3-996c56abe53d,Пожар,MOS_GAS
758,cb3aa528-662f-4d11-9720-6fb49428a5ae,"Проверить подпор, отключить ГРП № Вешняки, кв.79.",MOS_GAS
759,cc009aec-2ca1-4850-bc49-156a55db9d70,Тест,EDC
760,cd2c8c09-1f29-4f52-bb48-cd455537d86b,Запаз газа от ГРП,MOS_GAS
761,cd5574f2-624a-4fdb-b725-4d86a24bc509,Разбито/сломано/повреждено окно в местах общего пользования,EDC
762,cd8c064e-be90-40c4-9513-1a7c786de096,Прорыв теплосети (водопровода); Задымление,MOS_GAS
763,ce16a7d8-ec0e-42af-9e03-07a892a84cf3,Неработоспособность подъемной платформы для инвалидов,EDC
764,ce27dfe1-af0b-4d00-8223-133532d57561,Нарушение в работе газового оборудования; Запах газа от газового оборудования,MOS_GAS
765,ceab5a83-f707-4b78-87e5-73c678a6977c,"Колодцы на проезжей части, люк расколот",MVK
766,cefb29a4-5d9d-49e7-a773-d847514bfc61,"Колодцы на проезжей части, люк завышен",MVK
767,cf59b8d4-65f7-45cf-8fe1-e437d1156fb0,Проверить положение ЗУ,MOS_GAS
768,cf60c47b-3eb7-4046-8d69-c658d32c0298,Провал вокруг ковера,MOS_GAS
769,cf9d194d-69df-493b-a19a-be37cee4807f,Запах газа в квартире,MOS_GAS
770,cfc2ae4c-8f0f-4ac7-abc5-f5c8d3cb832d,Хлопок газа; Запах газа в кухне,MOS_GAS
771,cfc6eeae-a905-4e0f-bf36-6bf5b20c1431,"Подтопление, поступает вода в телефонный колодец",MVK
772,cfd8295e-f9cb-40bd-8450-89026f88d439,Течет вода из колонки.,MOS_GAS
773,d03dc11a-942f-4c32-a87f-917473cf137e,Пожар; Прорыв теплосети (водопровода),MOS_GAS
774,d095cec7-c58d-4b61-875d-baefcd01cb71,Нарушение ограждений,MOS_GAS
775,d09603af-cab8-0a04-27f8-693af47014a4,Аварийное повреждение лестницы,EVAGD
776,d0c90ac2-0ba5-47dd-bb6d-44f26fe9ec65,Проверить квартиру после пожара,MOS_GAS
777,d0e2c1ac-6558-46cc-87ea-1d88d55ffeb8,Запах газа из выселенной квартиры,MOS_GAS
778,d0ecff69-eb1b-4df6-94c7-a3ad14c55c01,Разрушен асфальт вокруг ковера,MOS_GAS
779,d1b83b7d-22bd-4bb8-823d-81b47e22d862,Нет газа,MOS_GAS
780,d1d348e8-a569-424a-931a-2572dcbbd469,Поверить настенный газопровод,MOS_GAS
781,d214cb8a-ef74-4b4e-94b6-2557dd28d0d6,Хлопок газа; Нарушение в работе газового оборудования,MOS_GAS
782,d23783ba-fecb-431a-a4df-ae76d41907ce,Шум по стояку,MOS_GAS
783,d2558403-9c8e-4f76-969b-512274d1975e,нет крышки на колодце,MOS_GAS
784,d269ab7e-fc1e-4b4c-8ff7-687e297b411e,Открыта крышка ковера,MOS_GAS
785,d30e0360-dab0-404f-ad4e-3e62bb031740,Неудовлетворительное санитарное содержание мусоропровода,NG
786,d3347a29-d2fd-42ed-882d-3d0101f9ae5f,Запах газа в квартире и на улице,MOS_GAS
787,d3541ce6-69c8-44d3-99f8-b35c4decbb8b,"Восстановление трубопровода, просадка грунта на трассе трубопровода",MVK
788,d355b8c5-69b2-4c6a-bf0a-1eeb6693f0e3,Пожар; Обрушение,MOS_GAS
789,d3a62ec7-a893-4ef7-838d-e88481a210e0,Неравномерное горение пламени.,MOS_GAS
790,d4de145a-7c9c-4174-bac3-80e210f3ea0d,Нарушение в работе ОАГВ,MOS_GAS
791,d59b0265-aa94-449b-aec1-46a62b004977,Аварийная протечка с кровли,NG
792,d5d6b514-6d5d-4557-9f88-34be30c4a90d,Открыт колодец на проезжей части,MVK
793,d5e599ff-4882-4edc-899d-1fd28ed978cd,Пожар; Запах газа в квартире (помещении); Запах газа в доме,MOS_GAS
794,d6bc4790-c0f2-4d5b-b86f-f721801212aa,Качество воды - окрашенная вода,MVK
795,d6d41e34-9f79-492f-8f5e-a3396bef9b78,Запах газа от газового оборудования; Запах газа в доме,MOS_GAS
796,d6e08e37-5b34-46b2-8485-3d8ef22afbe2,Провал грунта у цокольного ввода,MOS_GAS
797,d8829aa0-a6c8-45ab-8b9d-241be69a987d,"Колодцы, люк завышен",MVK
798,d8ea69db-58db-4d06-8db6-4d5b33d9ca3b,Разрушение асфальтового полотна вокруг колодца,MOS_GAS
799,d98cab8e-f7e5-6c54-5cc6-054df017164f,Повреждение козырька подъезда,EVAGD
800,d9a40e1c-d1ba-4420-ab5a-2e5a3eaad8cc,Запах газа в подъезде и в квартире,MOS_GAS
801,d9e8b0d6-1529-4d64-a010-bb4292dcd222,"Подтопление, поступает вода в камеру теплосети",MVK
802,d9fe94ab-7c38-4346-8211-0fce22c8e2a6,testtesttest,ASUPR
803,da7460be-b6f8-4e00-989b-900e62355a6a,Нарушение в работе газового оборудования,MOS_GAS
804,daf86049-38b6-4f2a-a897-cde6b01645db,Лифт требует ремонта,EDC
805,db4774ee-6c25-4dbd-81ac-68cdb9ebb92d,Запах газа от котла,MOS_GAS
806,db6067c4-7e0f-4454-bd2d-a66de5d3b3a7,Повреждение системы электропроводки/щитового оборудования,EDC
807,db6cbe46-c992-4348-9d2e-254ec032be7b,Описание отсутствует,CAFAP
808,db8fe161-8f17-427c-b51f-e5221712ecb2,Загрязнение входной двери,NG
809,dbbf5b61-23d8-43ec-a8d2-bb0e432612d1,Качество воды,MVK
810,dc08be1c-921f-45ce-8343-def535c7c11b,Загазованность к/т № Г22088 5%,MOS_GAS
811,dc460e08-9489-481c-a188-c05f565e8c29,Открыт газовый ковер,MOS_GAS
812,dc5ee831-0656-4c02-a921-0d167822a687,нет крышки на коввере,MOS_GAS
813,dcdf91d4-7d2a-4328-8de8-6ab54141061f,"Нарушение подачи воды, нет воды в ЦТП",MVK
814,dcef2e1a-cb02-4b1a-acab-16061254fcdb,Запах газа в подъезде,MOS_GAS
815,dd28839d-2549-44f8-abbd-1a22ca10a743,Разбит асфальт вокруг ковера,MOS_GAS
816,dd97f604-3fe8-4356-8ef7-0f30f0b7b8d8,Запах газа в кухне; Запах газа в квартире (помещении),MOS_GAS
817,dd9eb5bb-5439-47f3-9969-0b8838a47311,"Произвести пуск в работу ГРП № Коровинское шоссе, У-25.",MOS_GAS
818,dde16c93-5246-46c4-abf6-9b2c508cdef8,Провал,MOS_GAS
819,de7d69f3-7d79-414e-a09b-c82654c1c733,Повреждение элементов фасада,EDC
820,de8bbe2a-752c-4305-8a66-51695a80be4f,Критичное отклонение температуры ГВС ниже нормы ночью (мониторинг),ASUPR
821,ded9924e-c184-49a3-911d-23d5d663ba37,Качество воды - вода с запахом,MVK
822,dee1044d-07e0-4329-95f7-80649b817a8b,Повреждение пола/стены/ступеней/перил/других элементов,EDC
823,deeadffd-5bc9-49d3-93fe-694cac3a61ba,"Запах газа в подъезде, в ванной комнате",MOS_GAS
824,df04c025-f291-4444-afc3-412f198eae77,Открыта дверь на объекте АО МОСГАЗ,MOS_GAS
825,df6a9acc-c2fc-4f22-bd24-4cf9cb7b2af5,Пожар; Угроза взрыва,MOS_GAS
826,df8fc45e-7d9f-4ac1-834c-971866c4cf31,Наличие крыс/мышей/насекомых в местах общего пользования,MGI
827,dfe83060-bdf3-41eb-9f9d-4217ae606495,Остыло  АГВ,MOS_GAS
828,dff596d8-da52-43d4-a713-6144c4fbe9be,"Запах газа на улице, подземный переход",MOS_GAS
829,e041360f-8066-4d10-b532-5e850967881b,Открыт колодец МГ,MOS_GAS
830,e07c4808-4c33-4566-a7fd-a774086f3793,Запах газа в котельной и на улице,MOS_GAS
831,e0c48162-d8e0-4639-ba41-7dae77018c52,Запах газа в прихожей между квартирами,MOS_GAS
832,e1138645-18e1-4184-9b2c-063d9b3a42ac,Запах газа от колодца; Открыт колодец,MOS_GAS
833,e120fb91-73de-49e5-a66b-bf69cc5922ad,Тест Кран ГШК на надземном газопроводе  № Г3-24902.,MOS_GAS
834,e1319ffd-3457-4a29-93f6-316733615642,Слабое давление газа в доме,MOS_GAS
835,e136e505-5fbf-456d-b11d-98f2c646e894,Повреждение элементов фасада,NG
836,e1537b2b-1053-4a73-921e-4d998efd5bfd,Обрушение; Провал,MOS_GAS
837,e1fa5969-7177-477c-ad98-614240a59d48,Недостаточная температура  подачи ЦО (Недотоп),ASUPR
838,e2d74bc5-8a7d-47ec-9169-80215e0588dd,Пожар,MOS_GAS
839,e2f3dd61-c338-4cdc-991b-e9c1daad5df4,Тест ГРП № Люблино-II.,MOS_GAS
840,e34ca4ec-905d-4ed8-be77-f5256ac7d284,Запах газа от настенного газопровод,MOS_GAS
841,e42c4202-b748-4966-a558-58ba4f62db9e,Запах в подъезде и на улице,MOS_GAS
842,e43a2cec-7961-4f77-903d-69c49966f56a,Запах газа с улицы в квартиру,MOS_GAS
843,e4588fd3-3c77-423b-9020-2fdc4e99f902,Установить дежурство на ГРП № Вешняки кв. 76,MOS_GAS
844,e48735e3-4811-4b28-9cd8-a7d10dba1c12,Гул (шум) на объекте АО МОСГАЗ; Запах газа на улице,MOS_GAS
845,e4fc87e0-7a87-4154-af70-b43fc0403469,"Запах газа на улице, в подвале",MOS_GAS
846,e5ad4418-b016-42ab-be92-3e8ad4d22ca5,Запах газа из закрытой квартиры,MOS_GAS
847,e5da0f2d-e820-415e-814d-0c6737a4443d,Запах газа в частном доме; Запах газа от газового оборудования,MOS_GAS
848,e5eafdb8-8222-4547-9174-a5314f837cb1,Провал грунта,MOS_GAS
849,e60c57b7-4cf4-4556-bfb6-8e8ef35f2abd,Запах газа в холле и в квартире,MOS_GAS
850,e6b5a5b5-f641-4bd4-bf65-51e8e96eed9f,Завышено давление газа,MOS_GAS
851,e6e47b58-17a8-497f-99bc-f0c19c32b375,Провис настенный газопровод,MOS_GAS
852,e73abe95-7d2b-436b-8934-2b618428d029,Запах газа  около подъезда,MOS_GAS
853,e76aa3ca-0b0f-4bc7-bce2-e361cb2691d1,Запах газа от колонки,MOS_GAS
854,e7e1c2e1-9fdd-4cff-a680-acc856b5f398,Запах газа у котла,MOS_GAS
855,e7fa3f70-8d24-4bcb-ae08-fd84b25fec99,Запах газа на улице,MOS_GAS
856,e7fbec07-0a76-4097-b259-148494c8ca28,Лифт требует ремонта,NG
857,e846e92c-c186-4135-a7d5-906ad08e3565,Запах газа в гараже,MOS_GAS
858,e84b8e9e-d812-4be2-a0bc-6f588bb7a7ae,Подтопление приямка ЦТП,MVK
859,e8600f6c-247a-49b0-94e2-5cdbba499f98,Неудовлетворительное техническое содержание мусоропровода,NG
860,e8c018df-5f80-43bb-8aa2-4b660e3f924e,"Нарушение подачи воды, не работает водопроводная колонка",MVK
861,e94be830-e20e-4eeb-ac08-e5d45ded3368,провал 2х коверов,MOS_GAS
862,e9e8044c-0a10-4dfb-9a11-20a0b7a274cc,Запах газа в квартире (после пожара),MOS_GAS
863,ea18cb2a-7ba3-479b-8b6e-87383621bcfc,Запах газа в подземной парковке,MOS_GAS
864,ea35bdf9-355f-41fa-b391-644e1c2bf4d3,"Нарушение подачи воды, нет воды в здании",MVK
865,ea6ecc9b-e6f8-453f-87f8-84e1222ca54a,"Колодцы, люк занижен",MVK
866,eb511fb0-41b2-4a0f-8fdb-463c13b82f3b,Вибрирует газовая труба,MOS_GAS
867,eb6ebb10-3275-4f32-b726-6678dd2f92b2,"Восстановление трубопровода, поступление грунта в трубу",MVK
868,eb926012-b3e2-4d7b-899b-376dde1e9d55,Повреждение пола/стены/ступеней/перил/других элементов,MGI
869,ebcb3580-bcf5-4c7a-a817-09a1f4e04a95,Запах газа в тамбуре,MOS_GAS
870,ebcc151a-ed35-44f4-a699-1c8a1577d40f,Запах газа в кухне; Запах газа от газового оборудования; Запах газа в доме,MOS_GAS
871,ebd5a34a-3be0-4a6d-9343-9241bcf6baca,Прорыв теплосети (водопровода),MOS_GAS
872,ebffe6b6-44bb-4032-8c61-dd5d6c25f86e,Подтопление ж/д или трамвайных путей,MVK
873,ec4889e3-b819-42c6-b998-55ff250ad152,Повреждение козырька подъезда,EDC
874,ec488bcf-62b0-4fff-b19a-bbaa3674a37d,"Подтопление, прочее",MVK
875,ec7e7511-57fb-4f1d-a422-2e0df601f8b1,Провал асфальтового покрытия вокруг ковера,MOS_GAS
876,ecacdf6a-ebd5-4342-bdca-3d0f1a88b2c7,Запах газа на улице и в квартире,MOS_GAS
877,ecf2073d-a523-4ee1-b62a-0ff32b1bbb32,Недокомплект пожарного шкафа,MGI
878,ecf3514b-3d2f-4af2-8ff1-46b9c59b4071,Закрыть ЗУ Г2-58398,MOS_GAS
879,ecf3febe-1b8a-408f-bd91-49bb937326a8,Запах газа от колонки,MOS_GAS
880,ee29e358-64e1-42b6-bd0d-3d0da0d0e0f8,Запах газа из закрытой квартиры; Запах газа в квартире (помещении),MOS_GAS
881,ee5d6a37-0ff7-48ac-88f9-818eade2ca46,Повреждение подъемной платформы для инвалидов,NG
882,ee7c0e8a-d176-414d-bce6-505fafec921d,Хлопок газа в плите,MOS_GAS
883,eeed0685-af76-4d11-9199-dc0a09dd78aa,"Колодцы, разрушен асфальт вокруг колодца",MVK
884,ef1339c8-6bfe-4013-b33c-cb667f8ab72b,Просадка люка,MOS_GAS
885,ef2d44c6-6339-4f10-6d63-106f288529a3,Недогрев ГВС,EVAGD
886,ef8c8e61-ba04-4f6c-8311-373d4c59a6a8,Сильная течь в системе отопления,EDC
887,efa91052-96bd-4c46-bdc6-8dce5bb4fa5b,нарушение газового оборудования,MOS_GAS
888,efc52e45-5ca3-4f12-89f6-8c87481e1f47,"Запах газа в квартире, колонка",MOS_GAS
889,efe2169b-6fc7-4188-8f22-7de484fe346f,Запах газа в холле,MOS_GAS
890,f01a3db3-9f4b-4191-a2b7-7eb698596d11,Загрязнение/замусоренность подъезда,EDC
891,f03ac5b4-341f-484c-a3b1-c8ff23aff482,Запах газа на улице у ввода,MOS_GAS
892,f08a0bd7-b3e2-4ab7-88b1-bbcd88e9e3da,Стучит крышка колодца,MOS_GAS
893,f0ac8f77-0655-b9dd-fa46-85ba9f767f5e,Аварийная протечка с кровли,EVAGD
894,f0ce86c2-fa8a-4652-914d-16f1809fe6d5,Закрыть З/У Кран засыпной № Г2-56722.,MOS_GAS
895,f10caab7-cf2e-43cd-933e-fa0820170f52,Повреждение настенного газопровода,MOS_GAS
896,f19f7c2a-2e31-4a3e-88fd-c65cefe8563e,Тест MBN/40-SR-2-У-G250-E № Ш-239. Мрузовский,MOS_GAS
897,f1d2a135-c6d4-49cc-bcab-36dda79e3932,Повреждение инженерных сетей,NG
898,f2165fdb-281e-42d5-a287-bb0d12f9f255,Наледь на газовой трубе.,MOS_GAS
899,f21c6eec-c5a9-447c-87f7-f1e628a84882,Нарушение в работе газового оборудования; Запах газа в квартире (помещении),MOS_GAS
900,f221b0d7-c6fd-4633-bf8d-d89c879e99de,Запах газа из котлована,MOS_GAS
901,f2aaa20b-c6bc-4a01-8889-37a2f6a929a1,Запах газа из закрытой  квартиры,MOS_GAS
902,f335c420-2026-4294-a679-d59e48749d68,Проверить наст. газопровод,MOS_GAS
903,f33f9cfc-cd56-4234-bfaf-c5921749899f,"Колодцы на проезжей части, прочее",MVK
904,f3b2e545-b54c-43b1-b758-16dab5dd1139,Температура в помещении общего пользования ниже нормативной,NG
905,f43757a0-b8e5-415f-9f50-8a2bed09bdb3,просел ковер,MOS_GAS
906,f48b222c-4352-47c8-b46f-887a6a021620,"Загазованность крана № Г2 40162 2,6%",MOS_GAS
907,f4a650e2-b850-2225-019b-d54337d188e6,Повреждение системы электропроводки/щитового оборудования,EVAGD
908,f4c149fa-1e38-45de-b369-103103df701a,Запах газа на улице; Запах газа в доме,MOS_GAS
909,f518007f-6edc-429f-b0d3-cd9e458b5d08,Запах газа в кухне от котла,MOS_GAS
910,f528cf4c-3135-4c19-8c87-9d12b8b1cfd3,Нет крышки крлодца № 62326,MOS_GAS
911,f593c2a0-f878-4eb0-9dec-15d2e2ba6651,Поломка лифта,MGI
912,f5b21be6-deed-49c3-bd67-9500cfd9f0cd,Запах газа на улицеи в подъезде,MOS_GAS
913,f6737381-0af4-4085-9486-4732a83d8191,Проверить работу ЭХЗ,MOS_GAS
914,f688e756-8e18-48ef-88b7-7280558b0cca,Нет  газа в доме,MOS_GAS
915,f7101419-723c-44b9-b975-ad750b3fb349,Поломка освещения перед подъездом,MGI
916,f72078d4-da1f-4058-b113-7635e095f634,Смена водосчетчика,MVK
917,f741d1a6-94bb-4d95-9ad2-e68b28ec95ee,"Превышение расчетного давления после насосов, после повысительных насосов",MVK
918,f74723ac-6c31-43e7-9bda-4c2a1fdb3371,Запах газа в подъезде и на улице,MOS_GAS
919,f7d8f389-6485-4167-8af8-2081c78c9395,Запах газа в помещении и на улице,MOS_GAS
920,f80f1dee-14a4-0d42-1260-1de0cf5f3a82,Сильная течь в системе отопления,EVAGD
921,f84c20a9-adee-4efe-ae40-b836b3a0373c,Засор мусоропровода,EDC
922,f8660386-c465-4d3a-b442-2ade0331286c,Пожар; Запах газа в кухне,MOS_GAS
923,f874fa05-ae80-46b6-a9f9-6f4a4df1f1bb,Проверить работу оборудования ГРП № Марьинский.,MOS_GAS
924,f8dcc94c-0fac-4219-a42d-e41878023442,"Пожар, повреждение водопровода в городском коллекторе",MVK
925,f8ffa2db-d7a8-47ce-8fca-c251eb11ca69,Загазованность крана № Г-3 20171 5%,MOS_GAS
926,f90bd047-47a6-4a3e-81fd-9f59d65f20d1,Слабое горение в доме,MOS_GAS
927,f913558e-5393-4170-944f-055cfcee5b48,Складирование скола асфальта,NG
928,f92d06ee-de57-4818-9bb1-0f2dc973bbae,Загрязнение почтовых ящиков,NG
929,f984ba2d-f16d-4b1e-ac6b-8367798a1d94,Запах газа от ШРП,MOS_GAS
930,fa2eca08-fa65-4ee6-b8a1-f9b9bfaa3e99,Запах газа в помещении,MOS_GAS
931,fa58ba6a-9886-4a5e-bc3a-e9fca19bc8f0,Течёт вода из газовой колонки,MOS_GAS
932,fa989c55-c749-4880-a2a0-30ee1c1eaadb,Запах газа в помещении и в подъезде,MOS_GAS
933,facb0880-d062-49ce-830d-2c16f068141d,Нарушение на настенном газопроводе; Запах газа на улице,MOS_GAS
934,fb7e2041-1685-47ba-8d6c-b2451149878f,Пожар; Запах газа от газового оборудования,MOS_GAS
935,fbd42516-2b53-4830-a63a-b4f59f70f2bf,"Запах газа в подъезде, на улице",MOS_GAS
936,fc133358-556b-4f77-8547-e1fd6fc45fec,Открата крышка ковера,MOS_GAS
937,fc66c70b-c804-4dce-816c-93034b58498a,"Нарушение на настенном газопроводе; Гул (шум, вибрация) от газопровода",MOS_GAS
938,fc744eeb-df3d-4960-8f97-55d9ec6a486f,Провал на проезжей части,MVK
939,fd325636-52c4-42b9-886c-8c847f92ec07,Задымление,MOS_GAS
940,fd410687-cc01-49b4-a40c-3e02f190c4ca,Провал колодца ( ковера ),MOS_GAS
941,fd6199a8-7b1a-4e4f-b2d8-63c5fe6458ff,Проверить настенный  газопровод,MOS_GAS
942,fdb28784-24eb-4c28-a9ed-8a43da468bec,Открыта крышка колодца ( ковер),MOS_GAS
943,fdf4ffcc-169b-4eea-969b-73513320ada1,test_14.03.2023,GORMOST
944,fe05c506-1d99-461c-b1d2-3529ba34a8c8,Закрыть з/у Кран ГШК на подземном газопроводе № Г2-58712.,MOS_GAS
945,fe7b8a90-77e3-4f7e-a979-31a731b4b0ea,Провал грунта вокруг ковера,MOS_GAS
946,fefbe608-e1d8-4bdb-ae2f-756785e41f7e,Утечка теплоносителя,ASUPR
947,ff1d55b6-71e1-41ae-85e7-ee8c3a5665ce,Загрязнение/замусоренность козырька,MGI
948,ff559298-e7b0-46d1-b431-f984e844f163,Запах газа в кухне; Запах газа в квартире (помещении); Запах газа от газового оборудования,MOS_GAS
949,ff616ff7-c9a6-4e07-bc74-70180f5a8182,Запаз газа в котельной,MOS_GAS
